,Case,Method,Sigma_Option,Sigma,Normalized,Empirical_Method,Similarity_Overlap,Distance_Euclidean,MSE_s1,KL_Divergence_s1,AIC_s1,BIC_s1,MSE_s2,KL_Divergence_s2,AIC_s2,BIC_s2
0,1,nd,0.01,0.01,False,kde,0.22609206550041458,4.5660917622066535,0.041953004817457076,-1.771051487290586,6315.634206017531,6325.449716575496,0.024916231504007257,-1.336758460547684,6323.622545982307,6333.438056540272
1,1,nd,0.01,0.01,False,counts,0.22609206550041458,4.5660917622066535,0.029987466595345864,0.20716218029993216,6315.634206017531,6325.449716575496,0.024916231504007257,-1.336758460547684,6323.622545982307,6333.438056540272
2,1,nd,0.1,0.1,False,kde,0.39386428843618876,5.674476161992392,0.10760780922138549,-4.5884520026409925,5846.714315935147,5856.529826493112,0.10130766685533735,-4.492153672009449,5802.662947021333,5812.478457579297
3,1,nd,0.1,0.1,False,counts,0.39386428843618876,5.674476161992392,0.08378876036517564,-27.081141370178706,5846.714315935147,5856.529826493112,0.10130766685533735,-4.492153672009449,5802.662947021333,5812.478457579297
4,1,nd,0.2,0.2,False,kde,0.40083277308686627,6.31608995711233,0.1405736356501628,-4.814510981663674,5932.134159961992,5941.949670519956,0.136943544555971,-4.766016619178041,5885.3261191854035,5895.141629743368
5,1,nd,0.2,0.2,False,counts,0.40083277308686627,6.31608995711233,0.1137359090484052,-28.707273158561684,5932.134159961992,5941.949670519956,0.136943544555971,-4.766016619178041,5885.3261191854035,5895.141629743368
6,1,nd,0.5,0.5,False,kde,0.4050463723153353,7.123430651573569,0.20333581129381087,-5.044413218843901,5992.975654069435,6002.7911646274,0.1674132617812308,-4.936979388064392,5946.310080503848,5956.125591061813
7,1,nd,0.5,0.5,False,counts,0.4050463723153353,7.123430651573569,0.17130140580740003,-31.021883868982176,5992.975654069435,6002.7911646274,0.1674132617812308,-4.936979388064392,5946.310080503848,5956.125591061813
8,1,nd,r0.01,0.29027490844107545,False,kde,0.40255395870578575,6.6971182282189226,0.16790527996550558,-4.926705317867971,5962.071600451718,5971.8871110096825,0.15229892433041162,-4.862384227696622,5918.040978104422,5927.856488662386
9,1,nd,r0.01,0.29027490844107545,False,counts,0.40255395870578575,6.6971182282189226,0.1386775583199985,-29.81944720653491,5962.071600451718,5971.8871110096825,0.15229892433041162,-4.862384227696622,5918.040978104422,5927.856488662386
10,1,nd,r0.1,2.902749084410755,False,kde,0.44637487739776543,7.498427055685375,0.25264163031966713,-5.202905422416596,6038.361226615344,6048.1767371733085,0.25093947613860806,-5.1981404852036,6006.948608839269,6016.764119397233
11,1,nd,r0.1,2.902749084410755,False,counts,0.44637487739776543,7.498427055685375,0.21725287082148845,-32.78975251038992,6038.361226615344,6048.1767371733085,0.25093947613860806,-5.1981404852036,6006.948608839269,6016.764119397233
12,1,nd,r0.2,5.80549816882151,False,kde,0.5189158315813606,7.012987752411475,0.3077884835753568,-5.346566579419654,6124.851351600744,6134.666862158709,0.31488264777305,-5.35374109631204,6115.455951414035,6125.271461971999
13,1,nd,r0.2,5.80549816882151,False,counts,0.5189158315813606,7.012987752411475,0.26921187931195556,-34.678985666260175,6124.851351600744,6134.666862158709,0.31488264777305,-5.35374109631204,6115.455951414035,6125.271461971999
14,1,nd,r0.5,14.513745422053773,False,kde,0.6629269792963395,6.0670402155727245,0.47558045057893544,-5.538625674251845,6469.058623510975,6478.874134068939,0.47829230849664367,-5.528494252806829,6468.698229843968,6478.513740401932
15,1,nd,r0.5,14.513745422053773,False,counts,0.6629269792963395,6.0670402155727245,0.4313930068315949,-37.2046168001508,6469.058623510975,6478.874134068939,0.47829230849664367,-5.528494252806829,6468.698229843968,6478.513740401932
16,1,nd,0.01,0.01,True,kde,0.7792208838035084,2.6590475844021872,0.2092399511855283,-4.940604260345532,6499.493498190532,6509.309008748496,0.17862189268912299,-4.891649782983601,6295.132767706515,6304.948278264479
17,1,nd,0.01,0.01,True,counts,0.7792208838035084,2.6590475844021872,0.18139101110012032,-29.056749855378264,6499.493498190532,6509.309008748496,0.17862189268912299,-4.891649782983601,6295.132767706515,6304.948278264479
18,1,nd,0.1,0.1,True,kde,0.8791486648442678,1.4931654377328183,0.30900652663688627,-5.184691471304687,6488.773797016877,6498.589307574842,0.291202188197941,-5.206233348029565,6311.046765396499,6320.862275954463
19,1,nd,0.1,0.1,True,counts,0.8791486648442678,1.4931654377328183,0.2742936330719079,-32.16933487410877,6488.773797016877,6498.589307574842,0.291202188197941,-5.206233348029565,6311.046765396499,6320.862275954463
20,1,nd,0.2,0.2,True,kde,0.8928054297365933,1.4034927131890773,0.3651335983300519,-5.315086458831957,6518.430055205524,6528.245565763488,0.35506976522081724,-5.341682452364871,6378.9557210845815,6388.771231642546
21,1,nd,0.2,0.2,True,counts,0.8928054297365933,1.4034927131890773,0.32750936115502666,-33.9183017266492,6518.430055205524,6528.245565763488,0.35506976522081724,-5.341682452364871,6378.9557210845815,6388.771231642546
22,1,nd,0.5,0.5,True,kde,0.9143885154655108,1.3639063605792898,0.4808434622628616,-5.468923086056207,6649.148169980087,6658.963680538051,0.4762270792727348,-5.48737258268039,6564.759860927799,6574.575371485764
23,1,nd,0.5,0.5,True,counts,0.9143885154655108,1.3639063605792898,0.4388992646209855,-35.97857404513587,6649.148169980087,6658.963680538051,0.4762270792727348,-5.48737258268039,6564.759860927799,6574.575371485764
24,1,nd,r0.01,0.01,True,kde,0.7792208838035084,2.6590475844021872,0.2092399511855283,-4.940604260345532,6499.493498190532,6509.309008748496,0.17862189268912299,-4.891649782983601,6295.132767706515,6304.948278264479
25,1,nd,r0.01,0.01,True,counts,0.7792208838035084,2.6590475844021872,0.18139101110012032,-29.056749855378264,6499.493498190532,6509.309008748496,0.17862189268912299,-4.891649782983601,6295.132767706515,6304.948278264479
26,1,nd,r0.1,0.1,True,kde,0.8791486648442678,1.4931654377328183,0.30900652663688627,-5.184691471304687,6488.773797016877,6498.589307574842,0.291202188197941,-5.206233348029565,6311.046765396499,6320.862275954463
27,1,nd,r0.1,0.1,True,counts,0.8791486648442678,1.4931654377328183,0.2742936330719079,-32.16933487410877,6488.773797016877,6498.589307574842,0.291202188197941,-5.206233348029565,6311.046765396499,6320.862275954463
28,1,nd,r0.2,0.2,True,kde,0.8928054297365933,1.4034927131890773,0.3651335983300519,-5.315086458831957,6518.430055205524,6528.245565763488,0.35506976522081724,-5.341682452364871,6378.9557210845815,6388.771231642546
29,1,nd,r0.2,0.2,True,counts,0.8928054297365933,1.4034927131890773,0.32750936115502666,-33.9183017266492,6518.430055205524,6528.245565763488,0.35506976522081724,-5.341682452364871,6378.9557210845815,6388.771231642546
30,1,nd,r0.5,0.5,True,kde,0.9143885154655108,1.3639063605792898,0.4808434622628616,-5.468923086056207,6649.148169980087,6658.963680538051,0.4762270792727348,-5.48737258268039,6564.759860927799,6574.575371485764
31,1,nd,r0.5,0.5,True,counts,0.9143885154655108,1.3639063605792898,0.4388992646209855,-35.97857404513587,6649.148169980087,6658.963680538051,0.4762270792727348,-5.48737258268039,6564.759860927799,6574.575371485764
32,1,kde,0.01,,False,kde,0.4234315304551778,7.576493980077951,0.24155275590716893,-5.15904854806316,6026.314293880105,6036.129804438069,0.2199523088558182,-5.106589219292529,5987.36554727091,5997.181057828874
33,1,kde,0.01,,False,counts,0.4234315304551778,7.576493980077951,0.2069131927643383,-32.230676263429075,6026.314293880105,6036.129804438069,0.2199523088558182,-5.106589219292529,5987.36554727091,5997.181057828874
34,1,kde,0.1,,False,kde,0.4234315304551778,7.576493980077951,0.24155275590716893,-5.15904854806316,6026.314293880105,6036.129804438069,0.2199523088558182,-5.106589219292529,5987.36554727091,5997.181057828874
35,1,kde,0.1,,False,counts,0.4234315304551778,7.576493980077951,0.2069131927643383,-32.230676263429075,6026.314293880105,6036.129804438069,0.2199523088558182,-5.106589219292529,5987.36554727091,5997.181057828874
36,1,kde,0.2,,False,kde,0.4234315304551778,7.576493980077951,0.24155275590716893,-5.15904854806316,6026.314293880105,6036.129804438069,0.2199523088558182,-5.106589219292529,5987.36554727091,5997.181057828874
37,1,kde,0.2,,False,counts,0.4234315304551778,7.576493980077951,0.2069131927643383,-32.230676263429075,6026.314293880105,6036.129804438069,0.2199523088558182,-5.106589219292529,5987.36554727091,5997.181057828874
38,1,kde,0.5,,False,kde,0.4234315304551778,7.576493980077951,0.24155275590716893,-5.15904854806316,6026.314293880105,6036.129804438069,0.2199523088558182,-5.106589219292529,5987.36554727091,5997.181057828874
39,1,kde,0.5,,False,counts,0.4234315304551778,7.576493980077951,0.2069131927643383,-32.230676263429075,6026.314293880105,6036.129804438069,0.2199523088558182,-5.106589219292529,5987.36554727091,5997.181057828874
40,1,kde,r0.01,,False,kde,0.4234315304551778,7.576493980077951,0.24155275590716893,-5.15904854806316,6026.314293880105,6036.129804438069,0.2199523088558182,-5.106589219292529,5987.36554727091,5997.181057828874
41,1,kde,r0.01,,False,counts,0.4234315304551778,7.576493980077951,0.2069131927643383,-32.230676263429075,6026.314293880105,6036.129804438069,0.2199523088558182,-5.106589219292529,5987.36554727091,5997.181057828874
42,1,kde,r0.1,,False,kde,0.4234315304551778,7.576493980077951,0.24155275590716893,-5.15904854806316,6026.314293880105,6036.129804438069,0.2199523088558182,-5.106589219292529,5987.36554727091,5997.181057828874
43,1,kde,r0.1,,False,counts,0.4234315304551778,7.576493980077951,0.2069131927643383,-32.230676263429075,6026.314293880105,6036.129804438069,0.2199523088558182,-5.106589219292529,5987.36554727091,5997.181057828874
44,1,kde,r0.2,,False,kde,0.4234315304551778,7.576493980077951,0.24155275590716893,-5.15904854806316,6026.314293880105,6036.129804438069,0.2199523088558182,-5.106589219292529,5987.36554727091,5997.181057828874
45,1,kde,r0.2,,False,counts,0.4234315304551778,7.576493980077951,0.2069131927643383,-32.230676263429075,6026.314293880105,6036.129804438069,0.2199523088558182,-5.106589219292529,5987.36554727091,5997.181057828874
46,1,kde,r0.5,,False,kde,0.4234315304551778,7.576493980077951,0.24155275590716893,-5.15904854806316,6026.314293880105,6036.129804438069,0.2199523088558182,-5.106589219292529,5987.36554727091,5997.181057828874
47,1,kde,r0.5,,False,counts,0.4234315304551778,7.576493980077951,0.2069131927643383,-32.230676263429075,6026.314293880105,6036.129804438069,0.2199523088558182,-5.106589219292529,5987.36554727091,5997.181057828874
48,1,kde,0.01,,True,kde,0.8610431468937718,1.7475261239923003,0.29702594357644935,-5.1444965554802184,6490.142826326277,6499.958336884241,0.2565435223548769,-5.121044756546305,6301.285047492838,6311.100558050803
49,1,kde,0.01,,True,counts,0.8610431468937718,1.7475261239923003,0.26303781622402866,-31.631256940159744,6490.142826326277,6499.958336884241,0.2565435223548769,-5.121044756546305,6301.285047492838,6311.100558050803
50,1,kde,0.1,,True,kde,0.8610431468937718,1.7475261239923003,0.29702594357644935,-5.1444965554802184,6490.142826326277,6499.958336884241,0.2565435223548769,-5.121044756546305,6301.285047492838,6311.100558050803
51,1,kde,0.1,,True,counts,0.8610431468937718,1.7475261239923003,0.26303781622402866,-31.631256940159744,6490.142826326277,6499.958336884241,0.2565435223548769,-5.121044756546305,6301.285047492838,6311.100558050803
52,1,kde,0.2,,True,kde,0.8610431468937718,1.7475261239923003,0.29702594357644935,-5.1444965554802184,6490.142826326277,6499.958336884241,0.2565435223548769,-5.121044756546305,6301.285047492838,6311.100558050803
53,1,kde,0.2,,True,counts,0.8610431468937718,1.7475261239923003,0.26303781622402866,-31.631256940159744,6490.142826326277,6499.958336884241,0.2565435223548769,-5.121044756546305,6301.285047492838,6311.100558050803
54,1,kde,0.5,,True,kde,0.8610431468937718,1.7475261239923003,0.29702594357644935,-5.1444965554802184,6490.142826326277,6499.958336884241,0.2565435223548769,-5.121044756546305,6301.285047492838,6311.100558050803
55,1,kde,0.5,,True,counts,0.8610431468937718,1.7475261239923003,0.26303781622402866,-31.631256940159744,6490.142826326277,6499.958336884241,0.2565435223548769,-5.121044756546305,6301.285047492838,6311.100558050803
56,1,kde,r0.01,,True,kde,0.8610431468937718,1.7475261239923003,0.29702594357644935,-5.1444965554802184,6490.142826326277,6499.958336884241,0.2565435223548769,-5.121044756546305,6301.285047492838,6311.100558050803
57,1,kde,r0.01,,True,counts,0.8610431468937718,1.7475261239923003,0.26303781622402866,-31.631256940159744,6490.142826326277,6499.958336884241,0.2565435223548769,-5.121044756546305,6301.285047492838,6311.100558050803
58,1,kde,r0.1,,True,kde,0.8610431468937718,1.7475261239923003,0.29702594357644935,-5.1444965554802184,6490.142826326277,6499.958336884241,0.2565435223548769,-5.121044756546305,6301.285047492838,6311.100558050803
59,1,kde,r0.1,,True,counts,0.8610431468937718,1.7475261239923003,0.26303781622402866,-31.631256940159744,6490.142826326277,6499.958336884241,0.2565435223548769,-5.121044756546305,6301.285047492838,6311.100558050803
60,1,kde,r0.2,,True,kde,0.8610431468937718,1.7475261239923003,0.29702594357644935,-5.1444965554802184,6490.142826326277,6499.958336884241,0.2565435223548769,-5.121044756546305,6301.285047492838,6311.100558050803
61,1,kde,r0.2,,True,counts,0.8610431468937718,1.7475261239923003,0.26303781622402866,-31.631256940159744,6490.142826326277,6499.958336884241,0.2565435223548769,-5.121044756546305,6301.285047492838,6311.100558050803
62,1,kde,r0.5,,True,kde,0.8610431468937718,1.7475261239923003,0.29702594357644935,-5.1444965554802184,6490.142826326277,6499.958336884241,0.2565435223548769,-5.121044756546305,6301.285047492838,6311.100558050803
63,1,kde,r0.5,,True,counts,0.8610431468937718,1.7475261239923003,0.26303781622402866,-31.631256940159744,6490.142826326277,6499.958336884241,0.2565435223548769,-5.121044756546305,6301.285047492838,6311.100558050803
64,2,nd,0.01,0.01,False,kde,0.05855328064885349,4.910061417385265,0.022837832802870592,-0.9448283715597967,7322.890829182932,7332.7063397408965,0.030513886388185998,6.6012298024156415,15807.77952844224,15817.595039000204
65,2,nd,0.01,0.01,False,counts,0.05855328064885349,4.910061417385265,0.018381998456725272,1.1026918615124761,7322.890829182932,7332.7063397408965,0.030513886388185998,6.6012298024156415,15807.77952844224,15817.595039000204
66,2,nd,0.1,0.1,False,kde,0.14615037849289478,7.254827097609407,0.0406319921844941,-3.593331157566598,5914.826657351432,5924.642167909396,0.10739012670385922,-4.540891262580369,8749.013975010646,8758.82948556861
67,2,nd,0.1,0.1,False,counts,0.14615037849289478,7.254827097609407,0.0331646210852648,-10.3286242116428,5914.826657351432,5924.642167909396,0.10739012670385922,-4.540891262580369,8749.013975010646,8758.82948556861
68,2,nd,0.2,0.2,False,kde,0.1488486271561989,8.823662873761666,0.05197091809277075,-3.8125411269199923,5945.953722237944,5955.7692327959085,0.16948586450463726,-5.0463000731412855,8878.789812119121,8888.605322677085
69,2,nd,0.2,0.2,False,counts,0.1488486271561989,8.823662873761666,0.04340950888345954,-11.06973813068598,5945.953722237944,5955.7692327959085,0.16948586450463726,-5.0463000731412855,8878.789812119121,8888.605322677085
70,2,nd,0.5,0.5,False,kde,0.1480522793693107,9.847516438696799,0.07175473674501799,-4.023588470190828,5995.0488228951135,6004.864333453078,0.20700749221601547,-5.1285305846933795,9070.643986699059,9080.459497257023
71,2,nd,0.5,0.5,False,counts,0.1480522793693107,9.847516438696799,0.06173345956791566,-11.842677781034343,5995.0488228951135,6004.864333453078,0.20700749221601547,-5.1285305846933795,9070.643986699059,9080.459497257023
72,2,nd,r0.01,0.29027490844107545,False,kde,0.13608830426572172,10.70487313441614,0.05979328683692536,-3.907808524740123,5967.507132286324,5977.322642844289,0.25740012821536684,-5.34317981726747,9212.089110721718,9221.904621279682
73,2,nd,r0.01,0.29027490844107545,False,counts,0.13608830426572172,10.70487313441614,0.05061384209275386,-11.41222183643982,5967.507132286324,5977.322642844289,0.25740012821536684,-5.34317981726747,9212.089110721718,9221.904621279682
74,2,nd,r0.1,2.902749084410755,False,kde,0.15597727620299812,16.71397608845528,0.08951371382257295,-4.187051191539677,6043.1466272044845,6052.962137762449,0.6928763539747941,-5.961487190259195,9384.06376087521,9393.879271433174
75,2,nd,r0.1,2.902749084410755,False,counts,0.15597727620299812,16.71397608845528,0.07844137024011895,-12.497433014561686,6043.1466272044845,6052.962137762449,0.6928763539747941,-5.961487190259195,9384.06376087521,9393.879271433174
76,2,nd,r0.2,5.80549816882151,False,kde,0.20738470934542483,15.172564443473311,0.10968615623036392,-4.3342178092413075,6151.106445412195,6160.92195597016,0.6480051923095225,-5.865795718578816,9508.787155862585,9518.60266642055
77,2,nd,r0.2,5.80549816882151,False,counts,0.20738470934542483,15.172564443473311,0.09761106771289499,-13.191623478768182,6151.106445412195,6160.92195597016,0.6480051923095225,-5.865795718578816,9508.787155862585,9518.60266642055
78,2,nd,r0.5,14.513745422053773,False,kde,0.4344125651027118,9.563895025785381,0.19812497377681035,-4.552721304044951,6894.590747193366,6904.4062577513305,0.5150519791350159,-5.661001237082942,9646.278561773946,9656.09407233191
79,2,nd,r0.5,14.513745422053773,False,counts,0.4344125651027118,9.563895025785381,0.18403669113568122,-14.220524831107076,6894.590747193366,6904.4062577513305,0.5150519791350159,-5.661001237082942,9646.278561773946,9656.09407233191
80,2,nd,0.01,0.01,True,kde,0.426970432142487,8.656525059401236,0.2083528970827154,-4.424603537395546,7576.928571182201,7586.744081740166,0.257400128215367,-5.343179817267471,9212.089110721716,9221.90462127968
81,2,nd,0.01,0.01,True,counts,0.426970432142487,8.656525059401236,0.19607962891073324,-13.557742244800448,7576.928571182201,7586.744081740166,0.257400128215367,-5.343179817267471,9212.089110721716,9221.90462127968
82,2,nd,0.1,0.1,True,kde,0.5127334210770288,10.70644306636951,0.30802705585048673,-4.608335333661355,7653.226547996182,7663.042058554146,0.6928763539747937,-5.961487190259195,9384.06376087521,9393.879271433174
83,2,nd,0.1,0.1,True,counts,0.5127334210770288,10.70644306636951,0.29326300096618024,-14.479752189034928,7653.226547996182,7663.042058554146,0.6928763539747937,-5.961487190259195,9384.06376087521,9393.879271433174
84,2,nd,0.2,0.2,True,kde,0.6524278388788218,7.136585145160841,0.36433767678121726,-4.620958027580004,7910.838525943012,7920.654036500977,0.6480051923095227,-5.865795718578816,9508.787155862585,9518.60266642055
85,2,nd,0.2,0.2,True,counts,0.6524278388788218,7.136585145160841,0.34940406148262354,-14.539380432198037,7910.838525943012,7920.654036500977,0.6480051923095227,-5.865795718578816,9508.787155862585,9518.60266642055
86,2,nd,0.5,0.5,True,kde,0.953276608900833,0.8149292717990616,0.48033228746725676,-4.636079264011829,8309.564113084965,8319.37962364293,0.5150519791350159,-5.661001237082942,9646.278561773946,9656.09407233191
87,2,nd,0.5,0.5,True,counts,0.953276608900833,0.8149292717990616,0.46518594836897714,-14.611263305091416,8309.564113084965,8319.37962364293,0.5150519791350159,-5.661001237082942,9646.278561773946,9656.09407233191
88,2,nd,r0.01,0.01,True,kde,0.426970432142487,8.656525059401236,0.2083528970827154,-4.424603537395546,7576.928571182201,7586.744081740166,0.257400128215367,-5.343179817267471,9212.089110721716,9221.90462127968
89,2,nd,r0.01,0.01,True,counts,0.426970432142487,8.656525059401236,0.19607962891073324,-13.557742244800448,7576.928571182201,7586.744081740166,0.257400128215367,-5.343179817267471,9212.089110721716,9221.90462127968
90,2,nd,r0.1,0.1,True,kde,0.5127334210770288,10.70644306636951,0.30802705585048673,-4.608335333661355,7653.226547996182,7663.042058554146,0.6928763539747937,-5.961487190259195,9384.06376087521,9393.879271433174
91,2,nd,r0.1,0.1,True,counts,0.5127334210770288,10.70644306636951,0.29326300096618024,-14.479752189034928,7653.226547996182,7663.042058554146,0.6928763539747937,-5.961487190259195,9384.06376087521,9393.879271433174
92,2,nd,r0.2,0.2,True,kde,0.6524278388788218,7.136585145160841,0.36433767678121726,-4.620958027580004,7910.838525943012,7920.654036500977,0.6480051923095227,-5.865795718578816,9508.787155862585,9518.60266642055
93,2,nd,r0.2,0.2,True,counts,0.6524278388788218,7.136585145160841,0.34940406148262354,-14.539380432198037,7910.838525943012,7920.654036500977,0.6480051923095227,-5.865795718578816,9508.787155862585,9518.60266642055
94,2,nd,r0.5,0.5,True,kde,0.953276608900833,0.8149292717990616,0.48033228746725676,-4.636079264011829,8309.564113084965,8319.37962364293,0.5150519791350159,-5.661001237082942,9646.278561773946,9656.09407233191
95,2,nd,r0.5,0.5,True,counts,0.953276608900833,0.8149292717990616,0.46518594836897714,-14.611263305091416,8309.564113084965,8319.37962364293,0.5150519791350159,-5.661001237082942,9646.278561773946,9656.09407233191
96,2,kde,0.01,,False,kde,0.14891458790998058,16.771650063321324,0.08553531655896592,-4.142450761919215,6028.639140405296,6038.45465096326,0.6906213546524227,-5.95748539836282,9390.170580463391,9399.986091021356
97,2,kde,0.01,,False,counts,0.14891458790998058,16.771650063321324,0.07469519732363407,-12.29490026900013,6028.639140405296,6038.45465096326,0.6906213546524227,-5.95748539836282,9390.170580463391,9399.986091021356
98,2,kde,0.1,,False,kde,0.14891458790998058,16.771650063321324,0.08553531655896592,-4.142450761919215,6028.639140405296,6038.45465096326,0.6906213546524227,-5.95748539836282,9390.170580463391,9399.986091021356
99,2,kde,0.1,,False,counts,0.14891458790998058,16.771650063321324,0.07469519732363407,-12.29490026900013,6028.639140405296,6038.45465096326,0.6906213546524227,-5.95748539836282,9390.170580463391,9399.986091021356
100,2,kde,0.2,,False,kde,0.14891458790998058,16.771650063321324,0.08553531655896592,-4.142450761919215,6028.639140405296,6038.45465096326,0.6906213546524227,-5.95748539836282,9390.170580463391,9399.986091021356
101,2,kde,0.2,,False,counts,0.14891458790998058,16.771650063321324,0.07469519732363407,-12.29490026900013,6028.639140405296,6038.45465096326,0.6906213546524227,-5.95748539836282,9390.170580463391,9399.986091021356
102,2,kde,0.5,,False,kde,0.14891458790998058,16.771650063321324,0.08553531655896592,-4.142450761919215,6028.639140405296,6038.45465096326,0.6906213546524227,-5.95748539836282,9390.170580463391,9399.986091021356
103,2,kde,0.5,,False,counts,0.14891458790998058,16.771650063321324,0.07469519732363407,-12.29490026900013,6028.639140405296,6038.45465096326,0.6906213546524227,-5.95748539836282,9390.170580463391,9399.986091021356
104,2,kde,r0.01,,False,kde,0.14891458790998058,16.771650063321324,0.08553531655896592,-4.142450761919215,6028.639140405296,6038.45465096326,0.6906213546524227,-5.95748539836282,9390.170580463391,9399.986091021356
105,2,kde,r0.01,,False,counts,0.14891458790998058,16.771650063321324,0.07469519732363407,-12.29490026900013,6028.639140405296,6038.45465096326,0.6906213546524227,-5.95748539836282,9390.170580463391,9399.986091021356
106,2,kde,r0.1,,False,kde,0.14891458790998058,16.771650063321324,0.08553531655896592,-4.142450761919215,6028.639140405296,6038.45465096326,0.6906213546524227,-5.95748539836282,9390.170580463391,9399.986091021356
107,2,kde,r0.1,,False,counts,0.14891458790998058,16.771650063321324,0.07469519732363407,-12.29490026900013,6028.639140405296,6038.45465096326,0.6906213546524227,-5.95748539836282,9390.170580463391,9399.986091021356
108,2,kde,r0.2,,False,kde,0.14891458790998058,16.771650063321324,0.08553531655896592,-4.142450761919215,6028.639140405296,6038.45465096326,0.6906213546524227,-5.95748539836282,9390.170580463391,9399.986091021356
109,2,kde,r0.2,,False,counts,0.14891458790998058,16.771650063321324,0.07469519732363407,-12.29490026900013,6028.639140405296,6038.45465096326,0.6906213546524227,-5.95748539836282,9390.170580463391,9399.986091021356
110,2,kde,r0.5,,False,kde,0.14891458790998058,16.771650063321324,0.08553531655896592,-4.142450761919215,6028.639140405296,6038.45465096326,0.6906213546524227,-5.95748539836282,9390.170580463391,9399.986091021356
111,2,kde,r0.5,,False,counts,0.14891458790998058,16.771650063321324,0.07469519732363407,-12.29490026900013,6028.639140405296,6038.45465096326,0.6906213546524227,-5.95748539836282,9390.170580463391,9399.986091021356
112,2,kde,0.01,,True,kde,0.49461108991264796,11.0154406696887,0.2959856470764439,-4.608994486063924,7575.481131939958,7585.296642497922,0.6906213546524205,-5.957485398362818,9390.170580463393,9399.986091021357
113,2,kde,0.01,,True,counts,0.49461108991264796,11.0154406696887,0.2812039505721949,-14.48403621485995,7575.481131939958,7585.296642497922,0.6906213546524205,-5.957485398362818,9390.170580463393,9399.986091021357
114,2,kde,0.1,,True,kde,0.49461108991264796,11.0154406696887,0.2959856470764439,-4.608994486063924,7575.481131939958,7585.296642497922,0.6906213546524205,-5.957485398362818,9390.170580463393,9399.986091021357
115,2,kde,0.1,,True,counts,0.49461108991264796,11.0154406696887,0.2812039505721949,-14.48403621485995,7575.481131939958,7585.296642497922,0.6906213546524205,-5.957485398362818,9390.170580463393,9399.986091021357
116,2,kde,0.2,,True,kde,0.49461108991264796,11.0154406696887,0.2959856470764439,-4.608994486063924,7575.481131939958,7585.296642497922,0.6906213546524205,-5.957485398362818,9390.170580463393,9399.986091021357
117,2,kde,0.2,,True,counts,0.49461108991264796,11.0154406696887,0.2812039505721949,-14.48403621485995,7575.481131939958,7585.296642497922,0.6906213546524205,-5.957485398362818,9390.170580463393,9399.986091021357
118,2,kde,0.5,,True,kde,0.49461108991264796,11.0154406696887,0.2959856470764439,-4.608994486063924,7575.481131939958,7585.296642497922,0.6906213546524205,-5.957485398362818,9390.170580463393,9399.986091021357
119,2,kde,0.5,,True,counts,0.49461108991264796,11.0154406696887,0.2812039505721949,-14.48403621485995,7575.481131939958,7585.296642497922,0.6906213546524205,-5.957485398362818,9390.170580463393,9399.986091021357
120,2,kde,r0.01,,True,kde,0.49461108991264796,11.0154406696887,0.2959856470764439,-4.608994486063924,7575.481131939958,7585.296642497922,0.6906213546524205,-5.957485398362818,9390.170580463393,9399.986091021357
121,2,kde,r0.01,,True,counts,0.49461108991264796,11.0154406696887,0.2812039505721949,-14.48403621485995,7575.481131939958,7585.296642497922,0.6906213546524205,-5.957485398362818,9390.170580463393,9399.986091021357
122,2,kde,r0.1,,True,kde,0.49461108991264796,11.0154406696887,0.2959856470764439,-4.608994486063924,7575.481131939958,7585.296642497922,0.6906213546524205,-5.957485398362818,9390.170580463393,9399.986091021357
123,2,kde,r0.1,,True,counts,0.49461108991264796,11.0154406696887,0.2812039505721949,-14.48403621485995,7575.481131939958,7585.296642497922,0.6906213546524205,-5.957485398362818,9390.170580463393,9399.986091021357
124,2,kde,r0.2,,True,kde,0.49461108991264796,11.0154406696887,0.2959856470764439,-4.608994486063924,7575.481131939958,7585.296642497922,0.6906213546524205,-5.957485398362818,9390.170580463393,9399.986091021357
125,2,kde,r0.2,,True,counts,0.49461108991264796,11.0154406696887,0.2812039505721949,-14.48403621485995,7575.481131939958,7585.296642497922,0.6906213546524205,-5.957485398362818,9390.170580463393,9399.986091021357
126,2,kde,r0.5,,True,kde,0.49461108991264796,11.0154406696887,0.2959856470764439,-4.608994486063924,7575.481131939958,7585.296642497922,0.6906213546524205,-5.957485398362818,9390.170580463393,9399.986091021357
127,2,kde,r0.5,,True,counts,0.49461108991264796,11.0154406696887,0.2812039505721949,-14.48403621485995,7575.481131939958,7585.296642497922,0.6906213546524205,-5.957485398362818,9390.170580463393,9399.986091021357
128,3,nd,0.01,0.01,False,kde,0.2966829855417632,4.404043438698147,0.055855521921022444,-1.9750731546672782,6122.513124960173,6132.328635518137,0.02767579195101995,-2.874756142650003,4106.6820767108575,4116.497587268822
129,3,nd,0.01,0.01,False,counts,0.2966829855417632,4.404043438698147,0.04032531223517274,-0.3313452103789123,6122.513124960173,6132.328635518137,0.02767579195101995,-2.874756142650003,4106.6820767108575,4116.497587268822
130,3,nd,0.1,0.1,False,kde,0.4084255374203785,5.016054689115673,0.13446352413984103,-4.827203645063187,5839.63727818549,5849.452788743454,0.07112235191225263,-4.117248085924324,4074.5123415970775,4084.327852155042
131,3,nd,0.1,0.1,False,counts,0.4084255374203785,5.016054689115673,0.10436253877458469,-33.14196745447963,5839.63727818549,5849.452788743454,0.07112235191225263,-4.117248085924324,4074.5123415970775,4084.327852155042
132,3,nd,0.2,0.2,False,kde,0.40659995104203744,5.563109309698116,0.17466399556903092,-5.042750905600412,5930.500336329009,5940.315846886973,0.08224835572816731,-4.238094104221316,4115.207832520098,4125.023343078063
133,3,nd,0.2,0.2,False,counts,0.40659995104203744,5.563109309698116,0.14091649187894478,-35.03908788561565,5930.500336329009,5940.315846886973,0.08224835572816731,-4.238094104221316,4115.207832520098,4125.023343078063
134,3,nd,0.5,0.5,False,kde,0.3990664580598136,6.599627833247983,0.25054794112890594,-5.244597085354265,5993.357481567464,6003.172992125428,0.1002289183492463,-4.362871908539528,4148.264534646283,4158.080045204248
135,3,nd,0.5,0.5,False,counts,0.3990664580598136,6.599627833247983,0.21044939179959715,-37.62682575703562,5993.357481567464,6003.172992125428,0.1002289183492463,-4.362871908539528,4148.264534646283,4158.080045204248
136,3,nd,r0.01,0.29027490844107545,False,kde,0.369916863611885,6.3385044919451445,0.209227273872877,-5.149408645822433,5960.351602849907,5970.1671134078715,0.07456137114980473,-4.16032444837928,4088.3184523589307,4098.133962916895
137,3,nd,r0.01,0.29027490844107545,False,counts,0.369916863611885,6.3385044919451445,0.17242482997664962,-36.403714747880905,5960.351602849907,5970.1671134078715,0.07456137114980473,-4.16032444837928,4088.3184523589307,4098.133962916895
138,3,nd,r0.1,2.902749084410755,False,kde,0.41192516087970815,7.240925551796232,0.30899555942927254,-5.3883562206625255,6059.287036326199,6069.1025468841635,0.1233783343012524,-4.500741435133391,4177.3051841882925,4187.120694746257
139,3,nd,r0.1,2.902749084410755,False,counts,0.41192516087970815,7.240925551796232,0.26481139884419197,-39.34285386848342,6059.287036326199,6069.1025468841635,0.1233783343012524,-4.500741435133391,4177.3051841882925,4187.120694746257
140,3,nd,r0.2,5.80549816882151,False,kde,0.44489495817302854,7.55437288199863,0.36512750508412395,-5.516785093663121,6094.375203577687,6104.190714135651,0.15591137289991702,-4.660413874398634,4310.764680819328,4320.580191377292
141,3,nd,r0.2,5.80549816882151,False,counts,0.44489495817302854,7.55437288199863,0.3173988389155853,-41.4711267894602,6094.375203577687,6104.190714135651,0.15591137289991702,-4.660413874398634,4310.764680819328,4320.580191377292
142,3,nd,r0.5,14.513745422053773,False,kde,0.6496620423083561,5.690368593170178,0.4808429055976242,-5.673166917251386,6222.392723947849,6232.208234505813,0.2857718756566761,-4.864646353584321,5110.761499075241,5120.577009633205
143,3,nd,r0.5,14.513745422053773,False,counts,0.6496620423083561,5.690368593170178,0.4278338793253368,-44.05520915789272,6222.392723947849,6232.208234505813,0.2857718756566761,-4.864646353584321,5110.761499075241,5120.577009633205
144,3,nd,0.01,0.01,True,kde,0.7792208838035084,2.6590475844021904,0.20922727387287707,-5.149408645822433,5960.351602849907,5970.1671134078715,0.1779825341866118,-4.599395523763878,5121.2069737496495,5131.022484307614
145,3,nd,0.01,0.01,True,counts,0.7792208838035084,2.6590475844021904,0.17242482997664962,-36.403714747880905,5960.351602849907,5970.1671134078715,0.1779825341866118,-4.599395523763878,5121.2069737496495,5131.022484307614
146,3,nd,0.1,0.1,True,kde,0.8791486648442683,1.493165437732815,0.30899555942927254,-5.3883562206625255,6059.287036326199,6069.1025468841635,0.2905055525136212,-4.835090072501982,5223.720073221584,5233.535583779549
147,3,nd,0.1,0.1,True,counts,0.8791486648442683,1.493165437732815,0.264811398844192,-39.34285386848342,6059.287036326199,6069.1025468841635,0.2905055525136212,-4.835090072501982,5223.720073221584,5233.535583779549
148,3,nd,0.2,0.2,True,kde,0.8928054297365935,1.403492713189074,0.3651275050841237,-5.516785093663121,6094.375203577687,6104.190714135651,0.3545052712974175,-4.877480519245679,5470.837859473644,5480.653370031609
149,3,nd,0.2,0.2,True,counts,0.8928054297365935,1.403492713189074,0.3173988389155852,-41.4711267894602,6094.375203577687,6104.190714135651,0.3545052712974175,-4.877480519245679,5470.837859473644,5480.653370031609
150,3,nd,0.5,0.5,True,kde,0.9143885154655111,1.3639063605792872,0.4808429055976242,-5.673166917251386,6222.392723947849,6232.208234505813,0.4758686087799014,-4.916388448135639,5860.471113346777,5870.286623904742
151,3,nd,0.5,0.5,True,counts,0.9143885154655111,1.3639063605792872,0.42783387932533684,-44.05520915789272,6222.392723947849,6232.208234505813,0.4758686087799014,-4.916388448135639,5860.471113346777,5870.286623904742
152,3,nd,r0.01,0.01,True,kde,0.7792208838035084,2.6590475844021904,0.20922727387287707,-5.149408645822433,5960.351602849907,5970.1671134078715,0.1779825341866118,-4.599395523763878,5121.2069737496495,5131.022484307614
153,3,nd,r0.01,0.01,True,counts,0.7792208838035084,2.6590475844021904,0.17242482997664962,-36.403714747880905,5960.351602849907,5970.1671134078715,0.1779825341866118,-4.599395523763878,5121.2069737496495,5131.022484307614
154,3,nd,r0.1,0.1,True,kde,0.8791486648442683,1.493165437732815,0.30899555942927254,-5.3883562206625255,6059.287036326199,6069.1025468841635,0.2905055525136212,-4.835090072501982,5223.720073221584,5233.535583779549
155,3,nd,r0.1,0.1,True,counts,0.8791486648442683,1.493165437732815,0.264811398844192,-39.34285386848342,6059.287036326199,6069.1025468841635,0.2905055525136212,-4.835090072501982,5223.720073221584,5233.535583779549
156,3,nd,r0.2,0.2,True,kde,0.8928054297365935,1.403492713189074,0.3651275050841237,-5.516785093663121,6094.375203577687,6104.190714135651,0.3545052712974175,-4.877480519245679,5470.837859473644,5480.653370031609
157,3,nd,r0.2,0.2,True,counts,0.8928054297365935,1.403492713189074,0.3173988389155852,-41.4711267894602,6094.375203577687,6104.190714135651,0.3545052712974175,-4.877480519245679,5470.837859473644,5480.653370031609
158,3,nd,r0.5,0.5,True,kde,0.9143885154655111,1.3639063605792872,0.4808429055976242,-5.673166917251386,6222.392723947849,6232.208234505813,0.4758686087799014,-4.916388448135639,5860.471113346777,5870.286623904742
159,3,nd,r0.5,0.5,True,counts,0.9143885154655111,1.3639063605792872,0.42783387932533684,-44.05520915789272,6222.392723947849,6232.208234505813,0.4758686087799014,-4.916388448135639,5860.471113346777,5870.286623904742
160,3,kde,0.01,,False,kde,0.3884454350465466,7.285612986400494,0.29701294160688657,-5.3500763590325136,6055.988102739928,6065.803613297892,0.10806676417448975,-4.408654447898401,4155.934489609906,4165.750000167871
161,3,kde,0.01,,False,counts,0.3884454350465466,7.285612986400494,0.25367856355382423,-38.709121360285415,6055.988102739928,6065.803613297892,0.10806676417448975,-4.408654447898401,4155.934489609906,4165.750000167871
162,3,kde,0.1,,False,kde,0.3884454350465466,7.285612986400494,0.29701294160688657,-5.3500763590325136,6055.988102739928,6065.803613297892,0.10806676417448975,-4.408654447898401,4155.934489609906,4165.750000167871
163,3,kde,0.1,,False,counts,0.3884454350465466,7.285612986400494,0.25367856355382423,-38.709121360285415,6055.988102739928,6065.803613297892,0.10806676417448975,-4.408654447898401,4155.934489609906,4165.750000167871
164,3,kde,0.2,,False,kde,0.3884454350465466,7.285612986400494,0.29701294160688657,-5.3500763590325136,6055.988102739928,6065.803613297892,0.10806676417448975,-4.408654447898401,4155.934489609906,4165.750000167871
165,3,kde,0.2,,False,counts,0.3884454350465466,7.285612986400494,0.25367856355382423,-38.709121360285415,6055.988102739928,6065.803613297892,0.10806676417448975,-4.408654447898401,4155.934489609906,4165.750000167871
166,3,kde,0.5,,False,kde,0.3884454350465466,7.285612986400494,0.29701294160688657,-5.3500763590325136,6055.988102739928,6065.803613297892,0.10806676417448975,-4.408654447898401,4155.934489609906,4165.750000167871
167,3,kde,0.5,,False,counts,0.3884454350465466,7.285612986400494,0.25367856355382423,-38.709121360285415,6055.988102739928,6065.803613297892,0.10806676417448975,-4.408654447898401,4155.934489609906,4165.750000167871
168,3,kde,r0.01,,False,kde,0.3884454350465466,7.285612986400494,0.29701294160688657,-5.3500763590325136,6055.988102739928,6065.803613297892,0.10806676417448975,-4.408654447898401,4155.934489609906,4165.750000167871
169,3,kde,r0.01,,False,counts,0.3884454350465466,7.285612986400494,0.25367856355382423,-38.709121360285415,6055.988102739928,6065.803613297892,0.10806676417448975,-4.408654447898401,4155.934489609906,4165.750000167871
170,3,kde,r0.1,,False,kde,0.3884454350465466,7.285612986400494,0.29701294160688657,-5.3500763590325136,6055.988102739928,6065.803613297892,0.10806676417448975,-4.408654447898401,4155.934489609906,4165.750000167871
171,3,kde,r0.1,,False,counts,0.3884454350465466,7.285612986400494,0.25367856355382423,-38.709121360285415,6055.988102739928,6065.803613297892,0.10806676417448975,-4.408654447898401,4155.934489609906,4165.750000167871
172,3,kde,r0.2,,False,kde,0.3884454350465466,7.285612986400494,0.29701294160688657,-5.3500763590325136,6055.988102739928,6065.803613297892,0.10806676417448975,-4.408654447898401,4155.934489609906,4165.750000167871
173,3,kde,r0.2,,False,counts,0.3884454350465466,7.285612986400494,0.25367856355382423,-38.709121360285415,6055.988102739928,6065.803613297892,0.10806676417448975,-4.408654447898401,4155.934489609906,4165.750000167871
174,3,kde,r0.5,,False,kde,0.3884454350465466,7.285612986400494,0.29701294160688657,-5.3500763590325136,6055.988102739928,6065.803613297892,0.10806676417448975,-4.408654447898401,4155.934489609906,4165.750000167871
175,3,kde,r0.5,,False,counts,0.3884454350465466,7.285612986400494,0.25367856355382423,-38.709121360285415,6055.988102739928,6065.803613297892,0.10806676417448975,-4.408654447898401,4155.934489609906,4165.750000167871
176,3,kde,0.01,,True,kde,0.8610431468937717,1.747526123992302,0.29701294160688657,-5.3500763590325136,6055.988102739928,6065.803613297892,0.2558102173722469,-4.790301113502987,5136.051031550987,5145.866542108952
177,3,kde,0.01,,True,counts,0.8610431468937717,1.747526123992302,0.2536785635538243,-38.709121360285415,6055.988102739928,6065.803613297892,0.2558102173722469,-4.790301113502987,5136.051031550987,5145.866542108952
178,3,kde,0.1,,True,kde,0.8610431468937717,1.747526123992302,0.29701294160688657,-5.3500763590325136,6055.988102739928,6065.803613297892,0.2558102173722469,-4.790301113502987,5136.051031550987,5145.866542108952
179,3,kde,0.1,,True,counts,0.8610431468937717,1.747526123992302,0.2536785635538243,-38.709121360285415,6055.988102739928,6065.803613297892,0.2558102173722469,-4.790301113502987,5136.051031550987,5145.866542108952
180,3,kde,0.2,,True,kde,0.8610431468937717,1.747526123992302,0.29701294160688657,-5.3500763590325136,6055.988102739928,6065.803613297892,0.2558102173722469,-4.790301113502987,5136.051031550987,5145.866542108952
181,3,kde,0.2,,True,counts,0.8610431468937717,1.747526123992302,0.2536785635538243,-38.709121360285415,6055.988102739928,6065.803613297892,0.2558102173722469,-4.790301113502987,5136.051031550987,5145.866542108952
182,3,kde,0.5,,True,kde,0.8610431468937717,1.747526123992302,0.29701294160688657,-5.3500763590325136,6055.988102739928,6065.803613297892,0.2558102173722469,-4.790301113502987,5136.051031550987,5145.866542108952
183,3,kde,0.5,,True,counts,0.8610431468937717,1.747526123992302,0.2536785635538243,-38.709121360285415,6055.988102739928,6065.803613297892,0.2558102173722469,-4.790301113502987,5136.051031550987,5145.866542108952
184,3,kde,r0.01,,True,kde,0.8610431468937717,1.747526123992302,0.29701294160688657,-5.3500763590325136,6055.988102739928,6065.803613297892,0.2558102173722469,-4.790301113502987,5136.051031550987,5145.866542108952
185,3,kde,r0.01,,True,counts,0.8610431468937717,1.747526123992302,0.2536785635538243,-38.709121360285415,6055.988102739928,6065.803613297892,0.2558102173722469,-4.790301113502987,5136.051031550987,5145.866542108952
186,3,kde,r0.1,,True,kde,0.8610431468937717,1.747526123992302,0.29701294160688657,-5.3500763590325136,6055.988102739928,6065.803613297892,0.2558102173722469,-4.790301113502987,5136.051031550987,5145.866542108952
187,3,kde,r0.1,,True,counts,0.8610431468937717,1.747526123992302,0.2536785635538243,-38.709121360285415,6055.988102739928,6065.803613297892,0.2558102173722469,-4.790301113502987,5136.051031550987,5145.866542108952
188,3,kde,r0.2,,True,kde,0.8610431468937717,1.747526123992302,0.29701294160688657,-5.3500763590325136,6055.988102739928,6065.803613297892,0.2558102173722469,-4.790301113502987,5136.051031550987,5145.866542108952
189,3,kde,r0.2,,True,counts,0.8610431468937717,1.747526123992302,0.2536785635538243,-38.709121360285415,6055.988102739928,6065.803613297892,0.2558102173722469,-4.790301113502987,5136.051031550987,5145.866542108952
190,3,kde,r0.5,,True,kde,0.8610431468937717,1.747526123992302,0.29701294160688657,-5.3500763590325136,6055.988102739928,6065.803613297892,0.2558102173722469,-4.790301113502987,5136.051031550987,5145.866542108952
191,3,kde,r0.5,,True,counts,0.8610431468937717,1.747526123992302,0.2536785635538243,-38.709121360285415,6055.988102739928,6065.803613297892,0.2558102173722469,-4.790301113502987,5136.051031550987,5145.866542108952
192,4,nd,0.01,0.01,False,kde,0.06659789709023808,5.7209210510194355,0.03921792880794617,2.811052475053131,9434.517887192105,9444.33339775007,0.0329978075881483,2.8368680665506836,9974.66012430768,9984.475634865645
193,4,nd,0.01,0.01,False,counts,0.06659789709023808,5.7209210510194355,0.03460626808421018,12.854268161933888,9434.517887192105,9444.33339775007,0.0329978075881483,2.8368680665506836,9974.66012430768,9984.475634865645
194,4,nd,0.1,0.1,False,kde,0.16021030383605145,6.267493502524546,0.06607015663720472,-3.158818324896911,7113.168061165331,7122.983571723295,0.040602421755817075,-2.739754302629747,7098.827266161155,7108.64277671912
195,4,nd,0.1,0.1,False,counts,0.16021030383605145,6.267493502524546,0.057314379268404006,-15.615342364290642,7113.168061165331,7122.983571723295,0.040602421755817075,-2.739754302629747,7098.827266161155,7108.64277671912
196,4,nd,0.2,0.2,False,kde,0.1666486436264925,7.805767768054789,0.10668248809033057,-3.8933082264873824,7211.192183484536,7221.007694042501,0.0645693737533896,-3.5271836231583826,7183.586013019013,7193.4015235769775
197,4,nd,0.2,0.2,False,counts,0.1666486436264925,7.805767768054789,0.09537620113414519,-17.398326980026766,7211.192183484536,7221.007694042501,0.0645693737533896,-3.5271836231583826,7183.586013019013,7193.4015235769775
198,4,nd,0.5,0.5,False,kde,0.17159106583561237,9.50534091472252,0.1599076971269725,-4.386347726205373,7327.519347625121,7337.334858183085,0.10195315040307139,-4.155828635957692,7279.714314160739,7289.529824718704
199,4,nd,0.5,0.5,False,counts,0.17159106583561237,9.50534091472252,0.1463682818848602,-18.584502334834745,7327.519347625121,7337.334858183085,0.10195315040307139,-4.155828635957692,7279.714314160739,7289.529824718704
200,4,nd,r0.01,0.6765973935224117,False,kde,0.17287099714261636,10.101074543369462,0.18049724736437275,-4.527198555705464,7355.808514394827,7365.624024952792,0.11749969230080311,-4.3139979375222,7303.415506070523,7313.231016628488
201,4,nd,r0.01,0.6765973935224117,False,counts,0.17287099714261636,10.101074543369462,0.16623468180860956,-18.92498714843682,7355.808514394827,7365.624024952792,0.11749969230080311,-4.3139979375222,7303.415506070523,7313.231016628488
202,4,nd,r0.1,6.765973935224117,False,kde,0.30805880360829413,11.486117346162608,0.3044314924312487,-5.379168082249683,7569.859400239669,7579.674910797634,0.30614712531025406,-5.377828336560024,7540.3531591015035,7550.168669659468
203,4,nd,r0.1,6.765973935224117,False,counts,0.30805880360829413,11.486117346162608,0.2868457396962666,-20.958540360183047,7569.859400239669,7579.674910797634,0.30614712531025406,-5.377828336560024,7540.3531591015035,7550.168669659468
204,4,nd,r0.2,13.531947870448233,False,kde,0.5353588765093342,9.242007921911808,0.4641703405693563,-5.671012784894652,7979.274027220576,7989.08953777854,0.4682234873124164,-5.667647599431708,7972.206031919612,7982.021542477576
205,4,nd,r0.2,13.531947870448233,False,counts,0.5353588765093342,9.242007921911808,0.44462288274635237,-21.95330068707174,7979.274027220576,7989.08953777854,0.4682234873124164,-5.667647599431708,7972.206031919612,7982.021542477576
206,4,nd,r0.5,33.82986967612058,False,kde,0.7385008127254455,5.500303172925145,0.5763575709809333,-5.586901702070813,8573.00182478945,8582.817335347414,0.580018940830716,-5.582287878129863,8567.549062057817,8577.364572615781
207,4,nd,r0.5,33.82986967612058,False,counts,0.7385008127254455,5.500303172925145,0.5600148565542509,-20.89244950486178,8573.00182478945,8582.817335347414,0.580018940830716,-5.582287878129863,8567.549062057817,8577.364572615781
208,4,nd,0.01,0.01,True,kde,0.7315267651067716,2.9846586322797966,0.20548342821208956,-4.216330800471005,8521.93919827096,8531.754708828925,0.13318455800947257,-4.124838346562228,8357.601827234872,8367.417337792836
209,4,nd,0.01,0.01,True,counts,0.7315267651067716,2.9846586322797966,0.1943793050421656,-15.820485901907453,8521.93919827096,8531.754708828925,0.13318455800947257,-4.124838346562228,8357.601827234872,8367.417337792836
210,4,nd,0.1,0.1,True,kde,0.8702394796108609,1.6747524954700654,0.3390460168483368,-5.176770499360333,8183.747036897765,8193.56254745573,0.339959594899468,-5.207733983227522,8108.88128058435,8118.696791142314
211,4,nd,0.1,0.1,True,counts,0.8702394796108609,1.6747524954700654,0.32395127835701276,-19.50315220015685,8183.747036897765,8193.56254745573,0.339959594899468,-5.207733983227522,8108.88128058435,8118.696791142314
212,4,nd,0.2,0.2,True,kde,0.8875380993981581,1.6486606620776674,0.41711153539498136,-5.387925519991905,8161.363913870276,8171.17942442824,0.4169199447920778,-5.40359458973749,8105.0619019884025,8114.877412546367
213,4,nd,0.2,0.2,True,counts,0.8875380993981581,1.6486606620776674,0.4002648353928503,-20.5985917213125,8161.363913870276,8171.17942442824,0.4169199447920778,-5.40359458973749,8105.0619019884025,8114.877412546367
214,4,nd,0.5,0.5,True,kde,0.9535298061264189,0.9294705635436541,0.5350135122820497,-5.4588471764742375,8688.667016848593,8698.482527406557,0.545447981684597,-5.488491748531484,8659.697516572785,8669.51302713075
215,4,nd,0.5,0.5,True,counts,0.9535298061264189,0.9294705635436541,0.5199380052431349,-20.123837324154362,8688.667016848593,8698.482527406557,0.545447981684597,-5.488491748531484,8659.697516572785,8669.51302713075
216,4,nd,r0.01,0.01,True,kde,0.7315267651067716,2.9846586322797966,0.20548342821208956,-4.216330800471005,8521.93919827096,8531.754708828925,0.13318455800947257,-4.124838346562228,8357.601827234872,8367.417337792836
217,4,nd,r0.01,0.01,True,counts,0.7315267651067716,2.9846586322797966,0.1943793050421656,-15.820485901907453,8521.93919827096,8531.754708828925,0.13318455800947257,-4.124838346562228,8357.601827234872,8367.417337792836
218,4,nd,r0.1,0.1,True,kde,0.8702394796108609,1.6747524954700654,0.3390460168483368,-5.176770499360333,8183.747036897765,8193.56254745573,0.339959594899468,-5.207733983227522,8108.88128058435,8118.696791142314
219,4,nd,r0.1,0.1,True,counts,0.8702394796108609,1.6747524954700654,0.32395127835701276,-19.50315220015685,8183.747036897765,8193.56254745573,0.339959594899468,-5.207733983227522,8108.88128058435,8118.696791142314
220,4,nd,r0.2,0.2,True,kde,0.8875380993981581,1.6486606620776674,0.41711153539498136,-5.387925519991905,8161.363913870276,8171.17942442824,0.4169199447920778,-5.40359458973749,8105.0619019884025,8114.877412546367
221,4,nd,r0.2,0.2,True,counts,0.8875380993981581,1.6486606620776674,0.4002648353928503,-20.5985917213125,8161.363913870276,8171.17942442824,0.4169199447920778,-5.40359458973749,8105.0619019884025,8114.877412546367
222,4,nd,r0.5,0.5,True,kde,0.9535298061264189,0.9294705635436541,0.5350135122820497,-5.4588471764742375,8688.667016848593,8698.482527406557,0.545447981684597,-5.488491748531484,8659.697516572785,8669.51302713075
223,4,nd,r0.5,0.5,True,counts,0.9535298061264189,0.9294705635436541,0.5199380052431349,-20.123837324154362,8688.667016848593,8698.482527406557,0.545447981684597,-5.488491748531484,8659.697516572785,8669.51302713075
224,4,kde,0.01,,False,kde,0.3247198575502867,11.376280039893878,0.3166301641827215,-5.415853175736939,7600.467133162796,7610.2826437207605,0.3170953625076562,-5.411283176986396,7570.035860957342,7579.851371515307
225,4,kde,0.01,,False,counts,0.3247198575502867,11.376280039893878,0.29881648685535245,-21.086595114860256,7600.467133162796,7610.2826437207605,0.3170953625076562,-5.411283176986396,7570.035860957342,7579.851371515307
226,4,kde,0.1,,False,kde,0.3247198575502867,11.376280039893878,0.3166301641827215,-5.415853175736939,7600.467133162796,7610.2826437207605,0.3170953625076562,-5.411283176986396,7570.035860957342,7579.851371515307
227,4,kde,0.1,,False,counts,0.3247198575502867,11.376280039893878,0.29881648685535245,-21.086595114860256,7600.467133162796,7610.2826437207605,0.3170953625076562,-5.411283176986396,7570.035860957342,7579.851371515307
228,4,kde,0.2,,False,kde,0.3247198575502867,11.376280039893878,0.3166301641827215,-5.415853175736939,7600.467133162796,7610.2826437207605,0.3170953625076562,-5.411283176986396,7570.035860957342,7579.851371515307
229,4,kde,0.2,,False,counts,0.3247198575502867,11.376280039893878,0.29881648685535245,-21.086595114860256,7600.467133162796,7610.2826437207605,0.3170953625076562,-5.411283176986396,7570.035860957342,7579.851371515307
230,4,kde,0.5,,False,kde,0.3247198575502867,11.376280039893878,0.3166301641827215,-5.415853175736939,7600.467133162796,7610.2826437207605,0.3170953625076562,-5.411283176986396,7570.035860957342,7579.851371515307
231,4,kde,0.5,,False,counts,0.3247198575502867,11.376280039893878,0.29881648685535245,-21.086595114860256,7600.467133162796,7610.2826437207605,0.3170953625076562,-5.411283176986396,7570.035860957342,7579.851371515307
232,4,kde,r0.01,,False,kde,0.3247198575502867,11.376280039893878,0.3166301641827215,-5.415853175736939,7600.467133162796,7610.2826437207605,0.3170953625076562,-5.411283176986396,7570.035860957342,7579.851371515307
233,4,kde,r0.01,,False,counts,0.3247198575502867,11.376280039893878,0.29881648685535245,-21.086595114860256,7600.467133162796,7610.2826437207605,0.3170953625076562,-5.411283176986396,7570.035860957342,7579.851371515307
234,4,kde,r0.1,,False,kde,0.3247198575502867,11.376280039893878,0.3166301641827215,-5.415853175736939,7600.467133162796,7610.2826437207605,0.3170953625076562,-5.411283176986396,7570.035860957342,7579.851371515307
235,4,kde,r0.1,,False,counts,0.3247198575502867,11.376280039893878,0.29881648685535245,-21.086595114860256,7600.467133162796,7610.2826437207605,0.3170953625076562,-5.411283176986396,7570.035860957342,7579.851371515307
236,4,kde,r0.2,,False,kde,0.3247198575502867,11.376280039893878,0.3166301641827215,-5.415853175736939,7600.467133162796,7610.2826437207605,0.3170953625076562,-5.411283176986396,7570.035860957342,7579.851371515307
237,4,kde,r0.2,,False,counts,0.3247198575502867,11.376280039893878,0.29881648685535245,-21.086595114860256,7600.467133162796,7610.2826437207605,0.3170953625076562,-5.411283176986396,7570.035860957342,7579.851371515307
238,4,kde,r0.5,,False,kde,0.3247198575502867,11.376280039893878,0.3166301641827215,-5.415853175736939,7600.467133162796,7610.2826437207605,0.3170953625076562,-5.411283176986396,7570.035860957342,7579.851371515307
239,4,kde,r0.5,,False,counts,0.3247198575502867,11.376280039893878,0.29881648685535245,-21.086595114860256,7600.467133162796,7610.2826437207605,0.3170953625076562,-5.411283176986396,7570.035860957342,7579.851371515307
240,4,kde,0.01,,True,kde,0.8740165663762298,1.6532501915857887,0.35003387573726696,-5.211928017591376,8179.965416307996,8189.78092686596,0.3497981156768831,-5.238320805595231,8108.043131717002,8117.858642274967
241,4,kde,0.01,,True,counts,0.8740165663762298,1.6532501915857887,0.3346779915653282,-19.68270140520137,8179.965416307996,8189.78092686596,0.3497981156768831,-5.238320805595231,8108.043131717002,8117.858642274967
242,4,kde,0.1,,True,kde,0.8740165663762298,1.6532501915857887,0.35003387573726696,-5.211928017591376,8179.965416307996,8189.78092686596,0.3497981156768831,-5.238320805595231,8108.043131717002,8117.858642274967
243,4,kde,0.1,,True,counts,0.8740165663762298,1.6532501915857887,0.3346779915653282,-19.68270140520137,8179.965416307996,8189.78092686596,0.3497981156768831,-5.238320805595231,8108.043131717002,8117.858642274967
244,4,kde,0.2,,True,kde,0.8740165663762298,1.6532501915857887,0.35003387573726696,-5.211928017591376,8179.965416307996,8189.78092686596,0.3497981156768831,-5.238320805595231,8108.043131717002,8117.858642274967
245,4,kde,0.2,,True,counts,0.8740165663762298,1.6532501915857887,0.3346779915653282,-19.68270140520137,8179.965416307996,8189.78092686596,0.3497981156768831,-5.238320805595231,8108.043131717002,8117.858642274967
246,4,kde,0.5,,True,kde,0.8740165663762298,1.6532501915857887,0.35003387573726696,-5.211928017591376,8179.965416307996,8189.78092686596,0.3497981156768831,-5.238320805595231,8108.043131717002,8117.858642274967
247,4,kde,0.5,,True,counts,0.8740165663762298,1.6532501915857887,0.3346779915653282,-19.68270140520137,8179.965416307996,8189.78092686596,0.3497981156768831,-5.238320805595231,8108.043131717002,8117.858642274967
248,4,kde,r0.01,,True,kde,0.8740165663762298,1.6532501915857887,0.35003387573726696,-5.211928017591376,8179.965416307996,8189.78092686596,0.3497981156768831,-5.238320805595231,8108.043131717002,8117.858642274967
249,4,kde,r0.01,,True,counts,0.8740165663762298,1.6532501915857887,0.3346779915653282,-19.68270140520137,8179.965416307996,8189.78092686596,0.3497981156768831,-5.238320805595231,8108.043131717002,8117.858642274967
250,4,kde,r0.1,,True,kde,0.8740165663762298,1.6532501915857887,0.35003387573726696,-5.211928017591376,8179.965416307996,8189.78092686596,0.3497981156768831,-5.238320805595231,8108.043131717002,8117.858642274967
251,4,kde,r0.1,,True,counts,0.8740165663762298,1.6532501915857887,0.3346779915653282,-19.68270140520137,8179.965416307996,8189.78092686596,0.3497981156768831,-5.238320805595231,8108.043131717002,8117.858642274967
252,4,kde,r0.2,,True,kde,0.8740165663762298,1.6532501915857887,0.35003387573726696,-5.211928017591376,8179.965416307996,8189.78092686596,0.3497981156768831,-5.238320805595231,8108.043131717002,8117.858642274967
253,4,kde,r0.2,,True,counts,0.8740165663762298,1.6532501915857887,0.3346779915653282,-19.68270140520137,8179.965416307996,8189.78092686596,0.3497981156768831,-5.238320805595231,8108.043131717002,8117.858642274967
254,4,kde,r0.5,,True,kde,0.8740165663762298,1.6532501915857887,0.35003387573726696,-5.211928017591376,8179.965416307996,8189.78092686596,0.3497981156768831,-5.238320805595231,8108.043131717002,8117.858642274967
255,4,kde,r0.5,,True,counts,0.8740165663762298,1.6532501915857887,0.3346779915653282,-19.68270140520137,8179.965416307996,8189.78092686596,0.3497981156768831,-5.238320805595231,8108.043131717002,8117.858642274967
256,5,nd,0.01,0.01,False,kde,0.007816329649998514,5.02351487297877,0.028014469340078178,2.67736825885786,9062.127942790003,9071.943453347967,0.02147816037289016,-1.5822740855684774,6719.862645863871,6729.678156421835
257,5,nd,0.01,0.01,False,counts,0.007816329649998514,5.02351487297877,0.02394053612630692,14.960887194537902,9062.127942790003,9071.943453347967,0.02147816037289016,-1.5822740855684774,6719.862645863871,6729.678156421835
258,5,nd,0.1,0.1,False,kde,0.025088124822296595,8.372641761420084,0.08571812286315147,-3.5274338835066916,7090.462703653255,7100.278214211219,0.05434641449108304,-3.8667997532278764,5834.997414131586,5844.8129246895505
259,5,nd,0.1,0.1,False,counts,0.025088124822296595,8.372641761420084,0.07466007843877714,-18.1559966543132,7090.462703653255,7100.278214211219,0.05434641449108304,-3.8667997532278764,5834.997414131586,5844.8129246895505
260,5,nd,0.2,0.2,False,kde,0.026726694117610687,9.938555713618545,0.12590248430122805,-4.2092174729415825,7204.823226300508,7214.638736858473,0.072222003320009,-4.1339181640361105,5891.085203086766,5900.900713644731
261,5,nd,0.2,0.2,False,counts,0.026726694117610687,9.938555713618545,0.11250616387876272,-19.71976184635323,7204.823226300508,7214.638736858473,0.072222003320009,-4.1339181640361105,5891.085203086766,5900.900713644731
262,5,nd,0.5,0.5,False,kde,0.027395376314957854,11.597584571332003,0.18223640805472852,-4.644285146468077,7325.8897374669705,7335.705248024935,0.08831653436115047,-4.30776491884151,5947.809081217814,5957.624591775779
263,5,nd,0.5,0.5,False,counts,0.027395376314957854,11.597584571332003,0.16659011176348623,-20.88482403164611,7325.8897374669705,7335.705248024935,0.08831653436115047,-4.30776491884151,5947.809081217814,5957.624591775779
264,5,nd,r0.01,0.6765973935224117,False,kde,0.026995749058692436,11.912590708535225,0.20529169392609764,-4.764504080092605,7354.4590136207535,7364.274524178718,0.08013394660326117,-4.230391165956117,5920.752703830164,5930.568214388129
265,5,nd,r0.01,0.6765973935224117,False,counts,0.026995749058692436,11.912590708535225,0.18882928167665983,-21.26170827461317,7354.4590136207535,7364.274524178718,0.08013394660326117,-4.230391165956117,5920.752703830164,5930.568214388129
266,5,nd,r0.1,6.765973935224117,False,kde,0.061682998109565165,14.887993540270207,0.33884323082397966,-5.451514140612932,7517.723992287441,7527.539502845406,0.13253642171376584,-4.570785075149151,6009.879930522287,6019.695441080252
267,5,nd,r0.1,6.765973935224117,False,counts,0.061682998109565165,14.887993540270207,0.318631216919898,-23.493470747721187,7517.723992287441,7527.539502845406,0.13253642171376584,-4.570785075149151,6009.879930522287,6019.695441080252
268,5,nd,r0.2,13.531947870448233,False,kde,0.11033372501501078,15.721074418076167,0.4169322297380547,-5.6117774969084175,7633.14339586483,7642.958906422795,0.1674524122163894,-4.730459976599984,6143.337886584586,6153.153397142551
269,5,nd,r0.2,13.531947870448233,False,counts,0.11033372501501078,15.721074418076167,0.39525693098920645,-24.213530976993308,7633.14339586483,7642.958906422795,0.1674524122163894,-4.730459976599984,6143.337886584586,6153.153397142551
270,5,nd,r0.5,33.82986967612058,False,kde,0.6410633945931672,6.27501477060627,0.5352742698314209,-5.416096797138064,8678.58849057202,8688.404001129984,0.30392509904649867,-4.933514215019776,6913.505513827515,6923.321024385479
271,5,nd,r0.5,33.82986967612058,False,counts,0.6410633945931672,6.27501477060627,0.5195113917416367,-21.690612949915522,8678.58849057202,8688.404001129984,0.30392509904649867,-4.933514215019776,6913.505513827515,6923.321024385479
272,5,nd,0.01,0.01,True,kde,0.18128520820349678,11.660670699791499,0.20529169392609778,-4.764504080092605,7354.4590136207535,7364.274524178718,0.17795586243158834,-4.68090947681144,6789.377295805358,6799.192806363322
273,5,nd,0.01,0.01,True,counts,0.18128520820349678,11.660670699791499,0.18882928167666,-21.26170827461318,7354.4590136207535,7364.274524178718,0.17795586243158834,-4.68090947681144,6789.377295805358,6799.192806363322
274,5,nd,0.1,0.1,True,kde,0.24638073779886346,13.568156688504322,0.3388432308239797,-5.451514140612932,7517.723992287441,7527.539502845406,0.29047520427283885,-4.914962259663011,6895.199114102568,6905.014624660533
275,5,nd,0.1,0.1,True,counts,0.24638073779886346,13.568156688504322,0.31863121691989804,-23.49347074772119,7517.723992287441,7527.539502845406,0.29047520427283885,-4.914962259663011,6895.199114102568,6905.014624660533
276,5,nd,0.2,0.2,True,kde,0.3358431686298926,13.015285736611807,0.4169322297380547,-5.6117774969084175,7633.14339586483,7642.958906422795,0.3544793901880427,-4.954930584061084,7147.515883131403,7157.331393689367
277,5,nd,0.2,0.2,True,counts,0.3358431686298926,13.015285736611807,0.39525693098920645,-24.213530976993308,7633.14339586483,7642.958906422795,0.3544793901880427,-4.954930584061084,7147.515883131403,7157.331393689367
278,5,nd,0.5,0.5,True,kde,0.9248506802871977,1.4014457979783665,0.535274269831421,-5.416096797138064,8678.588490572021,8688.404001129986,0.47585526898514197,-4.989786584186892,7545.767711919181,7555.583222477146
279,5,nd,0.5,0.5,True,counts,0.9248506802871977,1.4014457979783665,0.5195113917416367,-21.690612949915522,8678.588490572021,8688.404001129986,0.47585526898514197,-4.989786584186892,7545.767711919181,7555.583222477146
280,5,nd,r0.01,0.01,True,kde,0.18128520820349678,11.660670699791499,0.20529169392609778,-4.764504080092605,7354.4590136207535,7364.274524178718,0.17795586243158834,-4.68090947681144,6789.377295805358,6799.192806363322
281,5,nd,r0.01,0.01,True,counts,0.18128520820349678,11.660670699791499,0.18882928167666,-21.26170827461318,7354.4590136207535,7364.274524178718,0.17795586243158834,-4.68090947681144,6789.377295805358,6799.192806363322
282,5,nd,r0.1,0.1,True,kde,0.24638073779886346,13.568156688504322,0.3388432308239797,-5.451514140612932,7517.723992287441,7527.539502845406,0.29047520427283885,-4.914962259663011,6895.199114102568,6905.014624660533
283,5,nd,r0.1,0.1,True,counts,0.24638073779886346,13.568156688504322,0.31863121691989804,-23.49347074772119,7517.723992287441,7527.539502845406,0.29047520427283885,-4.914962259663011,6895.199114102568,6905.014624660533
284,5,nd,r0.2,0.2,True,kde,0.3358431686298926,13.015285736611807,0.4169322297380547,-5.6117774969084175,7633.14339586483,7642.958906422795,0.3544793901880427,-4.954930584061084,7147.515883131403,7157.331393689367
285,5,nd,r0.2,0.2,True,counts,0.3358431686298926,13.015285736611807,0.39525693098920645,-24.213530976993308,7633.14339586483,7642.958906422795,0.3544793901880427,-4.954930584061084,7147.515883131403,7157.331393689367
286,5,nd,r0.5,0.5,True,kde,0.9248506802871977,1.4014457979783665,0.535274269831421,-5.416096797138064,8678.588490572021,8688.404001129986,0.47585526898514197,-4.989786584186892,7545.767711919181,7555.583222477146
287,5,nd,r0.5,0.5,True,counts,0.9248506802871977,1.4014457979783665,0.5195113917416367,-21.690612949915522,8678.588490572021,8688.404001129986,0.47585526898514197,-4.989786584186892,7545.767711919181,7555.583222477146
288,5,kde,0.01,,False,kde,0.056337037022024763,14.871805840910506,0.34983264448199874,-5.479800232466405,7534.576974988962,7544.392485546927,0.11611370307153686,-4.478752384516206,5988.51081708115,5998.326327639114
289,5,kde,0.01,,False,counts,0.056337037022024763,14.871805840910506,0.3293889539134494,-23.62000253498161,7534.576974988962,7544.392485546927,0.11611370307153686,-4.478752384516206,5988.51081708115,5998.326327639114
290,5,kde,0.1,,False,kde,0.056337037022024763,14.871805840910506,0.34983264448199874,-5.479800232466405,7534.576974988962,7544.392485546927,0.11611370307153686,-4.478752384516206,5988.51081708115,5998.326327639114
291,5,kde,0.1,,False,counts,0.056337037022024763,14.871805840910506,0.3293889539134494,-23.62000253498161,7534.576974988962,7544.392485546927,0.11611370307153686,-4.478752384516206,5988.51081708115,5998.326327639114
292,5,kde,0.2,,False,kde,0.056337037022024763,14.871805840910506,0.34983264448199874,-5.479800232466405,7534.576974988962,7544.392485546927,0.11611370307153686,-4.478752384516206,5988.51081708115,5998.326327639114
293,5,kde,0.2,,False,counts,0.056337037022024763,14.871805840910506,0.3293889539134494,-23.62000253498161,7534.576974988962,7544.392485546927,0.11611370307153686,-4.478752384516206,5988.51081708115,5998.326327639114
294,5,kde,0.5,,False,kde,0.056337037022024763,14.871805840910506,0.34983264448199874,-5.479800232466405,7534.576974988962,7544.392485546927,0.11611370307153686,-4.478752384516206,5988.51081708115,5998.326327639114
295,5,kde,0.5,,False,counts,0.056337037022024763,14.871805840910506,0.3293889539134494,-23.62000253498161,7534.576974988962,7544.392485546927,0.11611370307153686,-4.478752384516206,5988.51081708115,5998.326327639114
296,5,kde,r0.01,,False,kde,0.056337037022024763,14.871805840910506,0.34983264448199874,-5.479800232466405,7534.576974988962,7544.392485546927,0.11611370307153686,-4.478752384516206,5988.51081708115,5998.326327639114
297,5,kde,r0.01,,False,counts,0.056337037022024763,14.871805840910506,0.3293889539134494,-23.62000253498161,7534.576974988962,7544.392485546927,0.11611370307153686,-4.478752384516206,5988.51081708115,5998.326327639114
298,5,kde,r0.1,,False,kde,0.056337037022024763,14.871805840910506,0.34983264448199874,-5.479800232466405,7534.576974988962,7544.392485546927,0.11611370307153686,-4.478752384516206,5988.51081708115,5998.326327639114
299,5,kde,r0.1,,False,counts,0.056337037022024763,14.871805840910506,0.3293889539134494,-23.62000253498161,7534.576974988962,7544.392485546927,0.11611370307153686,-4.478752384516206,5988.51081708115,5998.326327639114
300,5,kde,r0.2,,False,kde,0.056337037022024763,14.871805840910506,0.34983264448199874,-5.479800232466405,7534.576974988962,7544.392485546927,0.11611370307153686,-4.478752384516206,5988.51081708115,5998.326327639114
301,5,kde,r0.2,,False,counts,0.056337037022024763,14.871805840910506,0.3293889539134494,-23.62000253498161,7534.576974988962,7544.392485546927,0.11611370307153686,-4.478752384516206,5988.51081708115,5998.326327639114
302,5,kde,r0.5,,False,kde,0.056337037022024763,14.871805840910506,0.34983264448199874,-5.479800232466405,7534.576974988962,7544.392485546927,0.11611370307153686,-4.478752384516206,5988.51081708115,5998.326327639114
303,5,kde,r0.5,,False,counts,0.056337037022024763,14.871805840910506,0.3293889539134494,-23.62000253498161,7534.576974988962,7544.392485546927,0.11611370307153686,-4.478752384516206,5988.51081708115,5998.326327639114
304,5,kde,0.01,,True,kde,0.22935272066765866,13.626217556771282,0.3498326444819995,-5.479800232466407,7534.576974988963,7544.392485546928,0.255782040926784,-4.870608669529187,6806.492257428483,6816.307767986447
305,5,kde,0.01,,True,counts,0.22935272066765866,13.626217556771282,0.32938895391345024,-23.620002534981616,7534.576974988963,7544.392485546928,0.255782040926784,-4.870608669529187,6806.492257428483,6816.307767986447
306,5,kde,0.1,,True,kde,0.22935272066765866,13.626217556771282,0.3498326444819995,-5.479800232466407,7534.576974988963,7544.392485546928,0.255782040926784,-4.870608669529187,6806.492257428483,6816.307767986447
307,5,kde,0.1,,True,counts,0.22935272066765866,13.626217556771282,0.32938895391345024,-23.620002534981616,7534.576974988963,7544.392485546928,0.255782040926784,-4.870608669529187,6806.492257428483,6816.307767986447
308,5,kde,0.2,,True,kde,0.22935272066765866,13.626217556771282,0.3498326444819995,-5.479800232466407,7534.576974988963,7544.392485546928,0.255782040926784,-4.870608669529187,6806.492257428483,6816.307767986447
309,5,kde,0.2,,True,counts,0.22935272066765866,13.626217556771282,0.32938895391345024,-23.620002534981616,7534.576974988963,7544.392485546928,0.255782040926784,-4.870608669529187,6806.492257428483,6816.307767986447
310,5,kde,0.5,,True,kde,0.22935272066765866,13.626217556771282,0.3498326444819995,-5.479800232466407,7534.576974988963,7544.392485546928,0.255782040926784,-4.870608669529187,6806.492257428483,6816.307767986447
311,5,kde,0.5,,True,counts,0.22935272066765866,13.626217556771282,0.32938895391345024,-23.620002534981616,7534.576974988963,7544.392485546928,0.255782040926784,-4.870608669529187,6806.492257428483,6816.307767986447
312,5,kde,r0.01,,True,kde,0.22935272066765866,13.626217556771282,0.3498326444819995,-5.479800232466407,7534.576974988963,7544.392485546928,0.255782040926784,-4.870608669529187,6806.492257428483,6816.307767986447
313,5,kde,r0.01,,True,counts,0.22935272066765866,13.626217556771282,0.32938895391345024,-23.620002534981616,7534.576974988963,7544.392485546928,0.255782040926784,-4.870608669529187,6806.492257428483,6816.307767986447
314,5,kde,r0.1,,True,kde,0.22935272066765866,13.626217556771282,0.3498326444819995,-5.479800232466407,7534.576974988963,7544.392485546928,0.255782040926784,-4.870608669529187,6806.492257428483,6816.307767986447
315,5,kde,r0.1,,True,counts,0.22935272066765866,13.626217556771282,0.32938895391345024,-23.620002534981616,7534.576974988963,7544.392485546928,0.255782040926784,-4.870608669529187,6806.492257428483,6816.307767986447
316,5,kde,r0.2,,True,kde,0.22935272066765866,13.626217556771282,0.3498326444819995,-5.479800232466407,7534.576974988963,7544.392485546928,0.255782040926784,-4.870608669529187,6806.492257428483,6816.307767986447
317,5,kde,r0.2,,True,counts,0.22935272066765866,13.626217556771282,0.32938895391345024,-23.620002534981616,7534.576974988963,7544.392485546928,0.255782040926784,-4.870608669529187,6806.492257428483,6816.307767986447
318,5,kde,r0.5,,True,kde,0.22935272066765866,13.626217556771282,0.3498326444819995,-5.479800232466407,7534.576974988963,7544.392485546928,0.255782040926784,-4.870608669529187,6806.492257428483,6816.307767986447
319,5,kde,r0.5,,True,counts,0.22935272066765866,13.626217556771282,0.32938895391345024,-23.620002534981616,7534.576974988963,7544.392485546928,0.255782040926784,-4.870608669529187,6806.492257428483,6816.307767986447
320,6,nd,0.01,0.01,False,kde,0.09496497722515872,2.314410990941561,0.010247445086396577,15.469007566648846,78777.31895266971,78788.52075758879,0.00156433205246735,1.086006539890103,6882.33462412402,6892.150134681984
321,6,nd,0.01,0.01,False,counts,0.09496497722515872,2.314410990941561,0.010303431931118759,2.1930093685017082,78777.31895266971,78788.52075758879,0.00156433205246735,1.086006539890103,6882.33462412402,6892.150134681984
322,6,nd,0.1,0.1,False,kde,0.020543919035914546,2.722194174664276,0.012094692623412066,6.373600286450363,45450.063107381924,45461.264912301005,0.0009829628218424027,-0.6937702436625186,6063.405374260181,6073.220884818145
323,6,nd,0.1,0.1,False,counts,0.020543919035914546,2.722194174664276,0.012390461231242803,0.5807775557668513,45450.063107381924,45461.264912301005,0.0009829628218424027,-0.6937702436625186,6063.405374260181,6073.220884818145
324,6,nd,0.2,0.2,False,kde,0.014313247310886176,2.97448488172408,0.014765225470885886,2.345405033865302,36520.00994239999,36531.211747319074,0.0009814211061079106,-0.7531723346998727,6026.1916389023045,6036.007149460269
325,6,nd,0.2,0.2,False,counts,0.014313247310886176,2.97448488172408,0.015184445698929334,-0.06921197103808543,36520.00994239999,36531.211747319074,0.0009814211061079106,-0.7531723346998727,6026.1916389023045,6036.007149460269
326,6,nd,0.5,0.5,False,kde,0.012342733974101199,3.695725952663066,0.024232721834982464,-1.3612032345200231,30805.80782532373,30817.009630242814,0.0009444386971915642,-0.7483742232360321,6001.8435625946,6011.659073152565
327,6,nd,0.5,0.5,False,counts,0.012342733974101199,3.695725952663066,0.02490522435109073,-0.6038996205305605,30805.80782532373,30817.009630242814,0.0009444386971915642,-0.7483742232360321,6001.8435625946,6011.659073152565
328,6,nd,r0.01,30.827938167588993,False,kde,0.006091332144744719,6.077822080643371,0.07000550033791382,-4.281127176678816,28873.02018144705,28884.221986366134,0.0009879063733356697,-0.7638179884787362,6012.29072090573,6022.106231463695
329,6,nd,r0.01,30.827938167588993,False,counts,0.006091332144744719,6.077822080643371,0.07142247184145414,-0.9783091479268679,28873.02018144705,28884.221986366134,0.0009879063733356697,-0.7638179884787362,6012.29072090573,6022.106231463695
330,6,nd,r0.1,308.2793816758899,False,kde,0.005396299659748944,9.678269923907253,0.18321972195861386,-4.95379581175855,29425.15466936851,29436.356474287593,0.0010380248028020284,-0.823557793580941,6043.526912966358,6053.342423524323
331,6,nd,r0.1,308.2793816758899,False,counts,0.005396299659748944,9.678269923907253,0.18548943350202857,-1.0681177932545827,29425.15466936851,29436.356474287593,0.0010380248028020284,-0.823557793580941,6043.526912966358,6053.342423524323
332,6,nd,r0.2,616.5587633517798,False,kde,0.006594855837053725,12.533793458740789,0.3110211108037667,-5.217051784178042,30063.169917925108,30074.371722844193,0.0013615810702033966,-0.9294360317936418,6187.189572117062,6197.005082675027
333,6,nd,r0.2,616.5587633517798,False,counts,0.006594855837053725,12.533793458740789,0.31371994073849674,-1.1080085417111047,30063.169917925108,30074.371722844193,0.0013615810702033966,-0.9294360317936418,6187.189572117062,6197.005082675027
334,6,nd,r0.5,1541.3969083794495,False,kde,0.012766650156942741,15.841361602730359,0.5050181005315239,-5.393433870755212,30886.050696015198,30897.252500934283,0.0037919310006017883,-1.1108406059081097,6967.717948360821,6977.533458918785
335,6,nd,r0.5,1541.3969083794495,False,counts,0.012766650156942741,15.841361602730359,0.5080532833419191,-1.1354894481574183,30886.050696015198,30897.252500934283,0.0037919310006017883,-1.1108406059081097,6967.717948360821,6977.533458918785
336,6,nd,0.01,0.01,True,kde,0.3658841421013328,7.240580338929205,0.07000550033791386,-4.281127176678817,28873.02018144705,28884.221986366134,0.2240943339070185,-0.45098286288075984,15486.821350641105,15496.63686119907
337,6,nd,0.01,0.01,True,counts,0.3658841421013328,7.240580338929205,0.07142247184145421,-0.9783091479268679,28873.02018144705,28884.221986366134,0.2240943339070185,-0.45098286288075984,15486.821350641105,15496.63686119907
338,6,nd,0.1,0.1,True,kde,0.5916143396253046,5.985143345908144,0.1832197219586139,-4.95379581175855,29425.154669368505,29436.35647428759,0.3270472198612615,-0.7033603140576256,15440.63421187823,15450.449722436195
339,6,nd,0.1,0.1,True,counts,0.5916143396253046,5.985143345908144,0.1854894335020286,-1.0681177932545827,29425.154669368505,29436.35647428759,0.3270472198612615,-0.7033603140576256,15440.63421187823,15450.449722436195
340,6,nd,0.2,0.2,True,kde,0.7308651571714827,3.964964382439767,0.31102111080376665,-5.217051784178042,30063.16991792511,30074.371722844196,0.36366571254613406,-0.8051419793808173,15460.483121699297,15470.298632257261
341,6,nd,0.2,0.2,True,counts,0.7308651571714827,3.964964382439767,0.3137199407384967,-1.1080085417111047,30063.16991792511,30074.371722844196,0.36366571254613406,-0.8051419793808173,15460.483121699297,15470.298632257261
342,6,nd,0.5,0.5,True,kde,0.8380579569952159,3.0037448216327802,0.5050181005315239,-5.393433870755212,30886.050696015198,30897.252500934283,0.474097425533004,-0.991845251442778,15513.337755392107,15523.153265950072
343,6,nd,0.5,0.5,True,counts,0.8380579569952159,3.0037448216327802,0.5080532833419192,-1.1354894481574183,30886.050696015198,30897.252500934283,0.474097425533004,-0.991845251442778,15513.337755392107,15523.153265950072
344,6,nd,r0.01,0.01,True,kde,0.3658841421013328,7.240580338929205,0.07000550033791386,-4.281127176678817,28873.02018144705,28884.221986366134,0.2240943339070185,-0.45098286288075984,15486.821350641105,15496.63686119907
345,6,nd,r0.01,0.01,True,counts,0.3658841421013328,7.240580338929205,0.07142247184145421,-0.9783091479268679,28873.02018144705,28884.221986366134,0.2240943339070185,-0.45098286288075984,15486.821350641105,15496.63686119907
346,6,nd,r0.1,0.1,True,kde,0.5916143396253046,5.985143345908144,0.1832197219586139,-4.95379581175855,29425.154669368505,29436.35647428759,0.3270472198612615,-0.7033603140576256,15440.63421187823,15450.449722436195
347,6,nd,r0.1,0.1,True,counts,0.5916143396253046,5.985143345908144,0.1854894335020286,-1.0681177932545827,29425.154669368505,29436.35647428759,0.3270472198612615,-0.7033603140576256,15440.63421187823,15450.449722436195
348,6,nd,r0.2,0.2,True,kde,0.7308651571714827,3.964964382439767,0.31102111080376665,-5.217051784178042,30063.16991792511,30074.371722844196,0.36366571254613406,-0.8051419793808173,15460.483121699297,15470.298632257261
349,6,nd,r0.2,0.2,True,counts,0.7308651571714827,3.964964382439767,0.3137199407384967,-1.1080085417111047,30063.16991792511,30074.371722844196,0.36366571254613406,-0.8051419793808173,15460.483121699297,15470.298632257261
350,6,nd,r0.5,0.5,True,kde,0.8380579569952159,3.0037448216327802,0.5050181005315239,-5.393433870755212,30886.050696015198,30897.252500934283,0.474097425533004,-0.991845251442778,15513.337755392107,15523.153265950072
351,6,nd,r0.5,0.5,True,counts,0.8380579569952159,3.0037448216327802,0.5080532833419192,-1.1354894481574183,30886.050696015198,30897.252500934283,0.474097425533004,-0.991845251442778,15513.337755392107,15523.153265950072
352,6,kde,0.01,,False,kde,0.005595025240659146,7.218192659040496,0.10011911351656684,-4.566316215044816,29019.13882764808,29030.340632567164,0.0009543607533741679,-0.7762386418872379,6013.822314160454,6023.637824718418
353,6,kde,0.01,,False,counts,0.005595025240659146,7.218192659040496,0.1018538020152149,-1.0132827458697893,29019.13882764808,29030.340632567164,0.0009543607533741679,-0.7762386418872379,6013.822314160454,6023.637824718418
354,6,kde,0.1,,False,kde,0.005595025240659146,7.218192659040496,0.10011911351656684,-4.566316215044816,29019.13882764808,29030.340632567164,0.0009543607533741679,-0.7762386418872379,6013.822314160454,6023.637824718418
355,6,kde,0.1,,False,counts,0.005595025240659146,7.218192659040496,0.1018538020152149,-1.0132827458697893,29019.13882764808,29030.340632567164,0.0009543607533741679,-0.7762386418872379,6013.822314160454,6023.637824718418
356,6,kde,0.2,,False,kde,0.005595025240659146,7.218192659040496,0.10011911351656684,-4.566316215044816,29019.13882764808,29030.340632567164,0.0009543607533741679,-0.7762386418872379,6013.822314160454,6023.637824718418
357,6,kde,0.2,,False,counts,0.005595025240659146,7.218192659040496,0.1018538020152149,-1.0132827458697893,29019.13882764808,29030.340632567164,0.0009543607533741679,-0.7762386418872379,6013.822314160454,6023.637824718418
358,6,kde,0.5,,False,kde,0.005595025240659146,7.218192659040496,0.10011911351656684,-4.566316215044816,29019.13882764808,29030.340632567164,0.0009543607533741679,-0.7762386418872379,6013.822314160454,6023.637824718418
359,6,kde,0.5,,False,counts,0.005595025240659146,7.218192659040496,0.1018538020152149,-1.0132827458697893,29019.13882764808,29030.340632567164,0.0009543607533741679,-0.7762386418872379,6013.822314160454,6023.637824718418
360,6,kde,r0.01,,False,kde,0.005595025240659146,7.218192659040496,0.10011911351656684,-4.566316215044816,29019.13882764808,29030.340632567164,0.0009543607533741679,-0.7762386418872379,6013.822314160454,6023.637824718418
361,6,kde,r0.01,,False,counts,0.005595025240659146,7.218192659040496,0.1018538020152149,-1.0132827458697893,29019.13882764808,29030.340632567164,0.0009543607533741679,-0.7762386418872379,6013.822314160454,6023.637824718418
362,6,kde,r0.1,,False,kde,0.005595025240659146,7.218192659040496,0.10011911351656684,-4.566316215044816,29019.13882764808,29030.340632567164,0.0009543607533741679,-0.7762386418872379,6013.822314160454,6023.637824718418
363,6,kde,r0.1,,False,counts,0.005595025240659146,7.218192659040496,0.1018538020152149,-1.0132827458697893,29019.13882764808,29030.340632567164,0.0009543607533741679,-0.7762386418872379,6013.822314160454,6023.637824718418
364,6,kde,r0.2,,False,kde,0.005595025240659146,7.218192659040496,0.10011911351656684,-4.566316215044816,29019.13882764808,29030.340632567164,0.0009543607533741679,-0.7762386418872379,6013.822314160454,6023.637824718418
365,6,kde,r0.2,,False,counts,0.005595025240659146,7.218192659040496,0.1018538020152149,-1.0132827458697893,29019.13882764808,29030.340632567164,0.0009543607533741679,-0.7762386418872379,6013.822314160454,6023.637824718418
366,6,kde,r0.5,,False,kde,0.005595025240659146,7.218192659040496,0.10011911351656684,-4.566316215044816,29019.13882764808,29030.340632567164,0.0009543607533741679,-0.7762386418872379,6013.822314160454,6023.637824718418
367,6,kde,r0.5,,False,counts,0.005595025240659146,7.218192659040496,0.1018538020152149,-1.0132827458697893,29019.13882764808,29030.340632567164,0.0009543607533741679,-0.7762386418872379,6013.822314160454,6023.637824718418
368,6,kde,0.01,,True,kde,0.4141562362526422,8.147771071435269,0.10011911351656724,-4.566316215044818,29019.13882764808,29030.340632567164,0.3259505898397935,-0.6938859154075411,15409.18942335583,15419.004933913795
369,6,kde,0.01,,True,counts,0.4141562362526422,8.147771071435269,0.10185380201521531,-1.0132827458697897,29019.13882764808,29030.340632567164,0.3259505898397935,-0.6938859154075411,15409.18942335583,15419.004933913795
370,6,kde,0.1,,True,kde,0.4141562362526422,8.147771071435269,0.10011911351656724,-4.566316215044818,29019.13882764808,29030.340632567164,0.3259505898397935,-0.6938859154075411,15409.18942335583,15419.004933913795
371,6,kde,0.1,,True,counts,0.4141562362526422,8.147771071435269,0.10185380201521531,-1.0132827458697897,29019.13882764808,29030.340632567164,0.3259505898397935,-0.6938859154075411,15409.18942335583,15419.004933913795
372,6,kde,0.2,,True,kde,0.4141562362526422,8.147771071435269,0.10011911351656724,-4.566316215044818,29019.13882764808,29030.340632567164,0.3259505898397935,-0.6938859154075411,15409.18942335583,15419.004933913795
373,6,kde,0.2,,True,counts,0.4141562362526422,8.147771071435269,0.10185380201521531,-1.0132827458697897,29019.13882764808,29030.340632567164,0.3259505898397935,-0.6938859154075411,15409.18942335583,15419.004933913795
374,6,kde,0.5,,True,kde,0.4141562362526422,8.147771071435269,0.10011911351656724,-4.566316215044818,29019.13882764808,29030.340632567164,0.3259505898397935,-0.6938859154075411,15409.18942335583,15419.004933913795
375,6,kde,0.5,,True,counts,0.4141562362526422,8.147771071435269,0.10185380201521531,-1.0132827458697897,29019.13882764808,29030.340632567164,0.3259505898397935,-0.6938859154075411,15409.18942335583,15419.004933913795
376,6,kde,r0.01,,True,kde,0.4141562362526422,8.147771071435269,0.10011911351656724,-4.566316215044818,29019.13882764808,29030.340632567164,0.3259505898397935,-0.6938859154075411,15409.18942335583,15419.004933913795
377,6,kde,r0.01,,True,counts,0.4141562362526422,8.147771071435269,0.10185380201521531,-1.0132827458697897,29019.13882764808,29030.340632567164,0.3259505898397935,-0.6938859154075411,15409.18942335583,15419.004933913795
378,6,kde,r0.1,,True,kde,0.4141562362526422,8.147771071435269,0.10011911351656724,-4.566316215044818,29019.13882764808,29030.340632567164,0.3259505898397935,-0.6938859154075411,15409.18942335583,15419.004933913795
379,6,kde,r0.1,,True,counts,0.4141562362526422,8.147771071435269,0.10185380201521531,-1.0132827458697897,29019.13882764808,29030.340632567164,0.3259505898397935,-0.6938859154075411,15409.18942335583,15419.004933913795
380,6,kde,r0.2,,True,kde,0.4141562362526422,8.147771071435269,0.10011911351656724,-4.566316215044818,29019.13882764808,29030.340632567164,0.3259505898397935,-0.6938859154075411,15409.18942335583,15419.004933913795
381,6,kde,r0.2,,True,counts,0.4141562362526422,8.147771071435269,0.10185380201521531,-1.0132827458697897,29019.13882764808,29030.340632567164,0.3259505898397935,-0.6938859154075411,15409.18942335583,15419.004933913795
382,6,kde,r0.5,,True,kde,0.4141562362526422,8.147771071435269,0.10011911351656724,-4.566316215044818,29019.13882764808,29030.340632567164,0.3259505898397935,-0.6938859154075411,15409.18942335583,15419.004933913795
383,6,kde,r0.5,,True,counts,0.4141562362526422,8.147771071435269,0.10185380201521531,-1.0132827458697897,29019.13882764808,29030.340632567164,0.3259505898397935,-0.6938859154075411,15409.18942335583,15419.004933913795
