dataset,sensor_loc,length,actual_size,sigma,sigma_value,fold,ndg_time,kde_time,ndg_memory,kde_memory,kl_divergence,chi_squared,optimization_used,kernel_type
synthetic_normal,normal,100,100,0.1,0.1,0,0.2631690502166748,0.0015339851379394531,34.5,0.34375,0.17891537704981608,0.2525638706917046,epanechnikov_optimized,epanechnikov
synthetic_normal,normal,100,100,0.1,0.1,1,0.0001468658447265625,0.00045108795166015625,0.0,0.0625,0.192648809841722,0.2683466479492005,epanechnikov_optimized,epanechnikov
synthetic_normal,normal,100,100,0.1,0.1,2,0.0001380443572998047,0.0004131793975830078,0.03125,0.046875,0.18127963756282814,0.2572790573174593,epanechnikov_optimized,epanechnikov
synthetic_normal,normal,100,100,0.1,0.1,3,0.0001010894775390625,0.0003681182861328125,0.015625,0.046875,0.19757295904626648,0.2785316463657309,epanechnikov_optimized,epanechnikov
synthetic_normal,normal,100,100,0.1,0.1,4,0.00011277198791503906,0.00041294097900390625,0.0,0.03125,0.17156103534704434,0.2387896242006453,epanechnikov_optimized,epanechnikov
synthetic_normal,normal,100,100,0.3,0.3,0,0.000102996826171875,0.0004737377166748047,0.0,0.015625,0.06777025944216536,0.10571567002101825,epanechnikov_optimized,epanechnikov
synthetic_normal,normal,100,100,0.3,0.3,1,0.00011730194091796875,0.00042319297790527344,0.0,0.03125,0.08476554951131529,0.1322227932882205,epanechnikov_optimized,epanechnikov
synthetic_normal,normal,100,100,0.3,0.3,2,9.298324584960938e-05,0.00037980079650878906,0.0,0.015625,0.07814907209866605,0.11823091852847087,epanechnikov_optimized,epanechnikov
synthetic_normal,normal,100,100,0.3,0.3,3,9.799003601074219e-05,0.0003581047058105469,0.0,0.03125,0.06830016952762212,0.10431488901387206,epanechnikov_optimized,epanechnikov
synthetic_normal,normal,100,100,0.3,0.3,4,0.00010609626770019531,0.00041604042053222656,0.0,0.0,0.07062849908004792,0.10845623679466837,epanechnikov_optimized,epanechnikov
synthetic_normal,normal,100,100,0.5,0.5,0,9.107589721679688e-05,0.00042510032653808594,0.0,0.015625,0.05138597842484498,0.08249028460893054,epanechnikov_optimized,epanechnikov
synthetic_normal,normal,100,100,0.5,0.5,1,0.00012803077697753906,0.0004870891571044922,0.0,0.0,0.06952566735768846,0.11044135994221665,epanechnikov_optimized,epanechnikov
synthetic_normal,normal,100,100,0.5,0.5,2,9.274482727050781e-05,0.000408172607421875,0.0,0.0,0.05990582355670904,0.09179819049275814,epanechnikov_optimized,epanechnikov
synthetic_normal,normal,100,100,0.5,0.5,3,8.988380432128906e-05,0.00040411949157714844,0.0,0.0,0.05452026054652308,0.08577644192423783,epanechnikov_optimized,epanechnikov
synthetic_normal,normal,100,100,0.5,0.5,4,8.893013000488281e-05,0.00038814544677734375,0.0,0.0,0.056724488582013316,0.0900998629727214,epanechnikov_optimized,epanechnikov
synthetic_normal,normal,100,100,r0.1,2.2529655026501376,0,8.916854858398438e-05,0.00044274330139160156,0.0,0.0,0.018255540029080877,0.028667473118848534,epanechnikov_optimized,epanechnikov
synthetic_normal,normal,100,100,r0.1,2.541493608287516,1,0.00011014938354492188,0.0004901885986328125,0.0,0.0,0.013218521715861391,0.02006510008595466,epanechnikov_optimized,epanechnikov
synthetic_normal,normal,100,100,r0.1,2.541493608287516,2,9.894371032714844e-05,0.0003981590270996094,0.0,0.0,0.015507282995559642,0.025405247825496302,epanechnikov_optimized,epanechnikov
synthetic_normal,normal,100,100,r0.1,2.541493608287516,3,8.320808410644531e-05,0.0004360675811767578,0.0,0.0,0.016308444001628338,0.027312067235015405,epanechnikov_optimized,epanechnikov
synthetic_normal,normal,100,100,r0.1,2.2254055135430897,4,9.083747863769531e-05,0.0004088878631591797,0.0,0.0,0.022754811768679106,0.03450158057280427,epanechnikov_optimized,epanechnikov
synthetic_normal,normal,100,100,r0.3,6.7588965079504115,0,9.775161743164062e-05,0.0004322528839111328,0.0,0.0,0.1338108015309324,0.21052605674044506,epanechnikov_optimized,epanechnikov
synthetic_normal,normal,100,100,r0.3,7.624480824862547,1,0.00012493133544921875,0.00048279762268066406,0.0,0.0,0.12840634421428157,0.1980777767690009,epanechnikov_optimized,epanechnikov
synthetic_normal,normal,100,100,r0.3,7.624480824862547,2,0.00012493133544921875,0.00045013427734375,0.0,0.0,0.14850711485036,0.23449986708325912,epanechnikov_optimized,epanechnikov
synthetic_normal,normal,100,100,r0.3,7.624480824862547,3,9.179115295410156e-05,0.0004239082336425781,0.0,0.0,0.1440543038307381,0.22789939192795242,epanechnikov_optimized,epanechnikov
synthetic_normal,normal,100,100,r0.3,6.676216540629269,4,9.417533874511719e-05,0.0004131793975830078,0.0,0.0,0.11462258827024231,0.17445441379178503,epanechnikov_optimized,epanechnikov
synthetic_normal,normal,1000,1000,0.1,0.1,0,0.00022912025451660156,0.0018970966339111328,0.0,0.0,0.02420916742073189,0.04051578125108879,epanechnikov_optimized,epanechnikov
synthetic_normal,normal,1000,1000,0.1,0.1,1,0.0002639293670654297,0.0020270347595214844,0.0,0.0,0.02383998570088744,0.04088673888082921,epanechnikov_optimized,epanechnikov
synthetic_normal,normal,1000,1000,0.1,0.1,2,0.00022602081298828125,0.002026081085205078,0.0,0.0,0.023658032572720086,0.04021674602884601,epanechnikov_optimized,epanechnikov
synthetic_normal,normal,1000,1000,0.1,0.1,3,0.00025010108947753906,0.0019102096557617188,0.0,0.0,0.022961377381451393,0.03863240647283452,epanechnikov_optimized,epanechnikov
synthetic_normal,normal,1000,1000,0.1,0.1,4,0.00021696090698242188,0.0019860267639160156,0.0,0.0,0.02533875052969333,0.042309690644229625,epanechnikov_optimized,epanechnikov
synthetic_normal,normal,1000,1000,0.3,0.3,0,0.0002510547637939453,0.002276897430419922,0.0,0.0,0.008966715884339702,0.016199825409283025,epanechnikov_optimized,epanechnikov
synthetic_normal,normal,1000,1000,0.3,0.3,1,0.00028204917907714844,0.002138853073120117,0.0,0.0,0.009561915458286923,0.01603373919319565,epanechnikov_optimized,epanechnikov
synthetic_normal,normal,1000,1000,0.3,0.3,2,0.0002758502960205078,0.002241849899291992,0.0,0.0,0.010696074540972017,0.01871814983860777,epanechnikov_optimized,epanechnikov
synthetic_normal,normal,1000,1000,0.3,0.3,3,0.00025391578674316406,0.002162933349609375,0.0,0.0,0.009711677233094981,0.017203786278248617,epanechnikov_optimized,epanechnikov
synthetic_normal,normal,1000,1000,0.3,0.3,4,0.00026917457580566406,0.002249002456665039,0.0,0.0,0.009550997036414922,0.01692996215836317,epanechnikov_optimized,epanechnikov
synthetic_normal,normal,1000,1000,0.5,0.5,0,0.0002429485321044922,0.002373933792114258,0.0,0.015625,0.00556359920669021,0.00991982789040299,epanechnikov_optimized,epanechnikov
synthetic_normal,normal,1000,1000,0.5,0.5,1,0.0002357959747314453,0.0024907588958740234,0.0,0.0,0.0060483738148038035,0.010550946243890462,epanechnikov_optimized,epanechnikov
synthetic_normal,normal,1000,1000,0.5,0.5,2,0.00023293495178222656,0.0024051666259765625,0.0,0.0,0.007758998710510812,0.013050152130982963,epanechnikov_optimized,epanechnikov
synthetic_normal,normal,1000,1000,0.5,0.5,3,0.00024390220642089844,0.0023238658905029297,0.0,0.0,0.006669291349311308,0.011710457003983458,epanechnikov_optimized,epanechnikov
synthetic_normal,normal,1000,1000,0.5,0.5,4,0.00023818016052246094,0.0024662017822265625,0.0,0.0,0.0064215597066909534,0.011469320586247656,epanechnikov_optimized,epanechnikov
synthetic_normal,normal,1000,1000,r0.1,3.350637055642399,0,0.00024390220642089844,0.002877950668334961,0.0,0.0,0.02079349056177128,0.034784177236803625,epanechnikov_optimized,epanechnikov
synthetic_normal,normal,1000,1000,r0.1,3.5469994153618973,1,0.0002911090850830078,0.0029091835021972656,0.0,0.0,0.025544096865978413,0.042078899636194385,epanechnikov_optimized,epanechnikov
synthetic_normal,normal,1000,1000,r0.1,3.5469994153618973,2,0.0002529621124267578,0.0029668807983398438,0.0,0.0,0.02398356183464938,0.04108069979370577,epanechnikov_optimized,epanechnikov
synthetic_normal,normal,1000,1000,r0.1,3.5469994153618973,3,0.00031685829162597656,0.0029337406158447266,0.0,0.0,0.02351297202708566,0.04047438674126266,epanechnikov_optimized,epanechnikov
synthetic_normal,normal,1000,1000,r0.1,3.1600740742621554,4,0.0002338886260986328,0.002916097640991211,0.0,0.0,0.016961931821094085,0.02869746057339665,epanechnikov_optimized,epanechnikov
synthetic_normal,normal,1000,1000,r0.3,10.051911166927196,0,0.0003414154052734375,0.0032303333282470703,0.0,0.0,0.1921510607805751,0.2935014267557122,epanechnikov_optimized,epanechnikov
synthetic_normal,normal,1000,1000,r0.3,10.64099824608569,1,0.00030112266540527344,0.0029501914978027344,0.0,0.0,0.2081290580041879,0.3159573520247162,epanechnikov_optimized,epanechnikov
synthetic_normal,normal,1000,1000,r0.3,10.64099824608569,2,0.00028395652770996094,0.0029077529907226562,0.0,0.0,0.2076175130990512,0.3176629653239035,epanechnikov_optimized,epanechnikov
synthetic_normal,normal,1000,1000,r0.3,10.64099824608569,3,0.0002541542053222656,0.0028946399688720703,0.03125,0.0,0.2059187462807292,0.3158583434594825,epanechnikov_optimized,epanechnikov
synthetic_normal,normal,1000,1000,r0.3,9.480222222786466,4,0.0002601146697998047,0.0027799606323242188,0.0,0.0,0.17830622064718366,0.27296617014068525,epanechnikov_optimized,epanechnikov
synthetic_normal,normal,10000,10000,0.1,0.1,0,0.0014700889587402344,0.01891922950744629,0.0,0.0625,0.0032357938173367537,0.005841405318413935,epanechnikov_optimized,epanechnikov
synthetic_normal,normal,10000,10000,0.1,0.1,1,0.0015180110931396484,0.020014047622680664,0.0,0.140625,0.003518241730011583,0.006420863607619519,epanechnikov_optimized,epanechnikov
synthetic_normal,normal,10000,10000,0.1,0.1,2,0.0015461444854736328,0.02177715301513672,0.0,0.015625,0.0037497343921636516,0.006790698405371104,epanechnikov_optimized,epanechnikov
synthetic_normal,normal,10000,10000,0.1,0.1,3,0.001561880111694336,0.02089691162109375,0.0,0.015625,0.0036210527850838543,0.00655933677747066,epanechnikov_optimized,epanechnikov
synthetic_normal,normal,10000,10000,0.1,0.1,4,0.0015349388122558594,0.021445751190185547,0.0,0.0,0.0034503724504375277,0.006254195957465495,epanechnikov_optimized,epanechnikov
synthetic_normal,normal,10000,10000,0.3,0.3,0,0.0015611648559570312,0.023038148880004883,0.0,0.0,0.0012829162647853799,0.0023690263873380863,epanechnikov_optimized,epanechnikov
synthetic_normal,normal,10000,10000,0.3,0.3,1,0.0015761852264404297,0.02425098419189453,0.0,0.0,0.0013505911976858566,0.002429858305035095,epanechnikov_optimized,epanechnikov
synthetic_normal,normal,10000,10000,0.3,0.3,2,0.001547098159790039,0.022725820541381836,0.0,0.0,0.0010416133383664191,0.0018789538423848251,epanechnikov_optimized,epanechnikov
synthetic_normal,normal,10000,10000,0.3,0.3,3,0.0015239715576171875,0.020917892456054688,0.0,0.0625,0.0012525620928080655,0.0022918121800572684,epanechnikov_optimized,epanechnikov
synthetic_normal,normal,10000,10000,0.3,0.3,4,0.0015530586242675781,0.021683216094970703,0.0,0.046875,0.0011282162322927272,0.002059553349113091,epanechnikov_optimized,epanechnikov
synthetic_normal,normal,10000,10000,0.5,0.5,0,0.0015323162078857422,0.02312493324279785,0.0,0.0,0.000645373524553505,0.0011604039411403043,epanechnikov_optimized,epanechnikov
synthetic_normal,normal,10000,10000,0.5,0.5,1,0.0015492439270019531,0.022816896438598633,0.0,0.015625,0.0007384315274448487,0.001329106514683862,epanechnikov_optimized,epanechnikov
synthetic_normal,normal,10000,10000,0.5,0.5,2,0.001497030258178711,0.022715091705322266,0.0,0.0,0.0006134901293863031,0.0011090381300096447,epanechnikov_optimized,epanechnikov
synthetic_normal,normal,10000,10000,0.5,0.5,3,0.0015480518341064453,0.022800922393798828,0.0,0.078125,0.0007583100869746468,0.0013707051183518158,epanechnikov_optimized,epanechnikov
synthetic_normal,normal,10000,10000,0.5,0.5,4,0.0012969970703125,0.022944211959838867,0.0,0.140625,0.0006700819537839558,0.0012437785242794023,epanechnikov_optimized,epanechnikov
synthetic_normal,normal,10000,10000,r0.1,3.924318979027335,0,0.0014801025390625,0.028156042098999023,0.0,0.0,0.029087463425403894,0.049599499589747735,epanechnikov_optimized,epanechnikov
synthetic_normal,normal,10000,10000,r0.1,3.881446627447849,1,0.0014820098876953125,0.027830123901367188,0.0,0.0,0.028448958529642167,0.0487171873345101,epanechnikov_optimized,epanechnikov
synthetic_normal,normal,10000,10000,r0.1,3.924318979027335,2,0.0015151500701904297,0.027781963348388672,0.0,0.015625,0.02919571268592572,0.04994730640570168,epanechnikov_optimized,epanechnikov
synthetic_normal,normal,10000,10000,r0.1,3.924318979027335,3,0.0014939308166503906,0.027519941329956055,0.0,0.0,0.029401902990237098,0.050050835974114416,epanechnikov_optimized,epanechnikov
synthetic_normal,normal,10000,10000,r0.1,3.725727719594413,4,0.0014691352844238281,0.02768087387084961,0.0,0.0,0.025529642767148038,0.043700190734059605,epanechnikov_optimized,epanechnikov
synthetic_normal,normal,10000,10000,r0.3,11.772956937082004,0,0.0014798641204833984,0.027604103088378906,0.0,0.0,0.226018757031501,0.3432143538329133,epanechnikov_optimized,epanechnikov
synthetic_normal,normal,10000,10000,r0.3,11.644339882343546,1,0.0014910697937011719,0.02810382843017578,0.0,0.0,0.22440068164251997,0.34120755993918706,epanechnikov_optimized,epanechnikov
synthetic_normal,normal,10000,10000,r0.3,11.772956937082004,2,0.0015490055084228516,0.027872085571289062,0.0,0.0,0.22644687732722119,0.3441934661873703,epanechnikov_optimized,epanechnikov
synthetic_normal,normal,10000,10000,r0.3,11.772956937082004,3,0.0015430450439453125,0.0277249813079834,0.0,0.0,0.22681067488094836,0.3442691672558598,epanechnikov_optimized,epanechnikov
synthetic_normal,normal,10000,10000,r0.3,11.177183158783238,4,0.0014619827270507812,0.027680158615112305,0.0,0.015625,0.21519634697234438,0.327641676711522,epanechnikov_optimized,epanechnikov
synthetic_normal,normal,100000,100000,0.1,0.1,0,0.01411294937133789,0.19024276733398438,0.0,1.625,0.00036995492252019714,0.0006910193329818088,epanechnikov_optimized,epanechnikov
synthetic_normal,normal,100000,100000,0.1,0.1,1,0.013273000717163086,0.1844022274017334,0.0,0.890625,0.0003689890318781991,0.0006726980919527825,epanechnikov_optimized,epanechnikov
synthetic_normal,normal,100000,100000,0.1,0.1,2,0.011406183242797852,0.18320488929748535,0.0,0.390625,0.0003804172276021132,0.0007044869154264308,epanechnikov_optimized,epanechnikov
synthetic_normal,normal,100000,100000,0.1,0.1,3,0.01213383674621582,0.18163299560546875,0.0,0.359375,0.00038355135380841387,0.0007080441437891996,epanechnikov_optimized,epanechnikov
synthetic_normal,normal,100000,100000,0.1,0.1,4,0.013650894165039062,0.18174290657043457,0.0,0.640625,0.00037049652742015426,0.0006966064094865762,epanechnikov_optimized,epanechnikov
synthetic_normal,normal,100000,100000,0.3,0.3,0,0.01190185546875,0.20207691192626953,0.0,0.0,0.00011896882453835678,0.00022294506472772454,epanechnikov_optimized,epanechnikov
synthetic_normal,normal,100000,100000,0.3,0.3,1,0.011568784713745117,0.20076489448547363,0.0,0.78125,0.00010323742898826202,0.00019143254603495375,epanechnikov_optimized,epanechnikov
synthetic_normal,normal,100000,100000,0.3,0.3,2,0.011727094650268555,0.20152783393859863,0.0,0.078125,0.00013508906534826583,0.0002482041784738705,epanechnikov_optimized,epanechnikov
synthetic_normal,normal,100000,100000,0.3,0.3,3,0.012682914733886719,0.20067787170410156,0.0,0.078125,0.00013331021499849645,0.00024679494527057925,epanechnikov_optimized,epanechnikov
synthetic_normal,normal,100000,100000,0.3,0.3,4,0.014651060104370117,0.20218992233276367,0.0,0.0,0.00012363775491882185,0.00022772460061343876,epanechnikov_optimized,epanechnikov
synthetic_normal,normal,100000,100000,0.5,0.5,0,0.014162063598632812,0.22714877128601074,0.0,0.0,8.570588482790256e-05,0.00015552934204264245,epanechnikov_optimized,epanechnikov
synthetic_normal,normal,100000,100000,0.5,0.5,1,0.01081705093383789,0.2211010456085205,0.0,0.078125,7.492842536835589e-05,0.00013893623152542664,epanechnikov_optimized,epanechnikov
synthetic_normal,normal,100000,100000,0.5,0.5,2,0.011458873748779297,0.22226309776306152,0.0,0.078125,0.00010266457847933752,0.00019090146253054224,epanechnikov_optimized,epanechnikov
synthetic_normal,normal,100000,100000,0.5,0.5,3,0.011374950408935547,0.2203080654144287,0.0,0.0,0.00010016317691469612,0.00018582964759101693,epanechnikov_optimized,epanechnikov
synthetic_normal,normal,100000,100000,0.5,0.5,4,0.012331008911132812,0.222930908203125,0.0,1.453125,8.404425234869494e-05,0.0001557394563023261,epanechnikov_optimized,epanechnikov
synthetic_normal,normal,100000,100000,r0.1,4.47102638905293,0,0.014229059219360352,0.2799849510192871,0.0,0.0,0.04182643609973517,0.06947026835032931,epanechnikov_optimized,epanechnikov
synthetic_normal,normal,100000,100000,r0.1,4.472344057277318,1,0.01200103759765625,0.2806699275970459,0.0,0.09375,0.04201470910134254,0.06969190267964914,epanechnikov_optimized,epanechnikov
synthetic_normal,normal,100000,100000,r0.1,4.472344057277318,2,0.011706113815307617,0.2776949405670166,0.0,0.0,0.04160426577937613,0.06928292775903375,epanechnikov_optimized,epanechnikov
synthetic_normal,normal,100000,100000,r0.1,4.472344057277318,3,0.011350870132446289,0.2875950336456299,0.0,0.0,0.041832713421662275,0.06949552783361088,epanechnikov_optimized,epanechnikov
synthetic_normal,normal,100000,100000,r0.1,4.333814881647439,4,0.011384963989257812,0.2816641330718994,0.0,0.0,0.03867690372822613,0.06458020195860854,epanechnikov_optimized,epanechnikov
synthetic_normal,normal,100000,100000,r0.3,13.41307916715879,0,0.01181793212890625,0.27791595458984375,0.0,0.0,0.25543743891071025,0.3843044167628389,epanechnikov_optimized,epanechnikov
synthetic_normal,normal,100000,100000,r0.3,13.41703217183195,1,0.011560916900634766,0.2775402069091797,0.0,0.078125,0.25576576567004305,0.38468898965522647,epanechnikov_optimized,epanechnikov
synthetic_normal,normal,100000,100000,r0.3,13.41703217183195,2,0.01160430908203125,0.2789278030395508,0.0,0.84375,0.25510094811347406,0.38401069528475884,epanechnikov_optimized,epanechnikov
synthetic_normal,normal,100000,100000,r0.3,13.41703217183195,3,0.014821052551269531,0.2809567451477051,0.0,0.078125,0.2554532093173157,0.38434967232540485,epanechnikov_optimized,epanechnikov
synthetic_normal,normal,100000,100000,r0.3,13.001444644942316,4,0.01160120964050293,0.27922987937927246,0.0,0.0,0.24902110925488768,0.3753525751844238,epanechnikov_optimized,epanechnikov
synthetic_bimodal,bimodal,100,100,0.1,0.1,0,0.00017881393432617188,0.0005431175231933594,0.0,0.015625,0.1789153770498173,0.2525638706917059,epanechnikov_optimized,epanechnikov
synthetic_bimodal,bimodal,100,100,0.1,0.1,1,0.00020813941955566406,0.0005090236663818359,0.0,0.0,0.19264880984172453,0.2683466479492017,epanechnikov_optimized,epanechnikov
synthetic_bimodal,bimodal,100,100,0.1,0.1,2,0.00014710426330566406,0.00041484832763671875,0.0,0.015625,0.1812796375628321,0.2572790573174647,epanechnikov_optimized,epanechnikov
synthetic_bimodal,bimodal,100,100,0.1,0.1,3,0.00014829635620117188,0.00034999847412109375,0.0,0.0,0.19757295904626676,0.27853164636573124,epanechnikov_optimized,epanechnikov
synthetic_bimodal,bimodal,100,100,0.1,0.1,4,0.00018906593322753906,0.0004208087921142578,0.0,0.015625,0.17156103534704342,0.23878962420064404,epanechnikov_optimized,epanechnikov
synthetic_bimodal,bimodal,100,100,0.3,0.3,0,0.00016617774963378906,0.0004611015319824219,0.0,0.0,0.06777025944216512,0.10571567002101782,epanechnikov_optimized,epanechnikov
synthetic_bimodal,bimodal,100,100,0.3,0.3,1,0.00013709068298339844,0.0005209445953369141,0.0,0.015625,0.08476554951131543,0.13222279328822087,epanechnikov_optimized,epanechnikov
synthetic_bimodal,bimodal,100,100,0.3,0.3,2,0.00010800361633300781,0.0004363059997558594,0.0,0.0,0.07814907209866606,0.11823091852847051,epanechnikov_optimized,epanechnikov
synthetic_bimodal,bimodal,100,100,0.3,0.3,3,0.00013113021850585938,0.00044083595275878906,0.0,0.0,0.06830016952762163,0.10431488901387195,epanechnikov_optimized,epanechnikov
synthetic_bimodal,bimodal,100,100,0.3,0.3,4,9.799003601074219e-05,0.00045013427734375,0.0,0.0,0.07062849908004767,0.10845623679466776,epanechnikov_optimized,epanechnikov
synthetic_bimodal,bimodal,100,100,0.5,0.5,0,0.0001220703125,0.0005249977111816406,0.0,0.0,0.05138597842484474,0.08249028460893032,epanechnikov_optimized,epanechnikov
synthetic_bimodal,bimodal,100,100,0.5,0.5,1,0.0001347064971923828,0.000518798828125,0.0,0.0,0.06952566735768831,0.11044135994221654,epanechnikov_optimized,epanechnikov
synthetic_bimodal,bimodal,100,100,0.5,0.5,2,0.00011801719665527344,0.00046896934509277344,0.0,0.0,0.05990582355670916,0.09179819049275806,epanechnikov_optimized,epanechnikov
synthetic_bimodal,bimodal,100,100,0.5,0.5,3,0.00012803077697753906,0.00048089027404785156,0.0,0.0,0.05452026054652316,0.08577644192423792,epanechnikov_optimized,epanechnikov
synthetic_bimodal,bimodal,100,100,0.5,0.5,4,9.512901306152344e-05,0.0005419254302978516,0.0,0.0,0.056724488582013274,0.09009986297272093,epanechnikov_optimized,epanechnikov
synthetic_bimodal,bimodal,100,100,r0.1,2.252965502650137,0,0.00011539459228515625,0.0004940032958984375,0.0,0.0,0.018255540029080947,0.028667473118848565,epanechnikov_optimized,epanechnikov
synthetic_bimodal,bimodal,100,100,r0.1,2.5414936082875155,1,0.00016498565673828125,0.000492095947265625,0.0,0.0,0.013218521715861666,0.020065100085954635,epanechnikov_optimized,epanechnikov
synthetic_bimodal,bimodal,100,100,r0.1,2.5414936082875155,2,8.7738037109375e-05,0.0005099773406982422,0.0,0.0,0.01550728299555952,0.025405247825496306,epanechnikov_optimized,epanechnikov
synthetic_bimodal,bimodal,100,100,r0.1,2.5414936082875155,3,7.510185241699219e-05,0.0004849433898925781,0.0,0.0,0.016308444001628005,0.027312067235015378,epanechnikov_optimized,epanechnikov
synthetic_bimodal,bimodal,100,100,r0.1,2.22540551354309,4,0.0001010894775390625,0.0004968643188476562,0.0,0.0,0.022754811768679096,0.03450158057280428,epanechnikov_optimized,epanechnikov
synthetic_bimodal,bimodal,100,100,r0.3,6.758896507950411,0,7.390975952148438e-05,0.0004942417144775391,0.0,0.0,0.13381080153093242,0.210526056740445,epanechnikov_optimized,epanechnikov
synthetic_bimodal,bimodal,100,100,r0.3,7.624480824862546,1,0.00012993812561035156,0.0005021095275878906,0.0,0.0,0.12840634421428138,0.19807777676900096,epanechnikov_optimized,epanechnikov
synthetic_bimodal,bimodal,100,100,r0.3,7.624480824862546,2,0.0001049041748046875,0.0004298686981201172,0.0,0.0,0.14850711485036017,0.23449986708325915,epanechnikov_optimized,epanechnikov
synthetic_bimodal,bimodal,100,100,r0.3,7.624480824862546,3,9.298324584960938e-05,0.00043010711669921875,0.0,0.0,0.14405430383073797,0.22789939192795242,epanechnikov_optimized,epanechnikov
synthetic_bimodal,bimodal,100,100,r0.3,6.6762165406292695,4,0.0001239776611328125,0.0004019737243652344,0.0,0.0,0.11462258827024242,0.1744544137917851,epanechnikov_optimized,epanechnikov
synthetic_bimodal,bimodal,1000,1000,0.1,0.1,0,0.00024080276489257812,0.0019741058349609375,0.0,0.0,0.024209167420731946,0.040515781251089664,epanechnikov_optimized,epanechnikov
synthetic_bimodal,bimodal,1000,1000,0.1,0.1,1,0.00031185150146484375,0.002020120620727539,0.0,0.0,0.023839985700887648,0.040886738880829616,epanechnikov_optimized,epanechnikov
synthetic_bimodal,bimodal,1000,1000,0.1,0.1,2,0.00025200843811035156,0.001970052719116211,0.0,0.0,0.023658032572720276,0.04021674602884653,epanechnikov_optimized,epanechnikov
synthetic_bimodal,bimodal,1000,1000,0.1,0.1,3,0.00025177001953125,0.001987934112548828,0.0,0.0,0.02296137738145241,0.03863240647283553,epanechnikov_optimized,epanechnikov
synthetic_bimodal,bimodal,1000,1000,0.1,0.1,4,0.00023603439331054688,0.001947164535522461,0.0,0.0,0.025338750529693598,0.04230969064423007,epanechnikov_optimized,epanechnikov
synthetic_bimodal,bimodal,1000,1000,0.3,0.3,0,0.00025391578674316406,0.002251148223876953,0.0,0.0,0.008966715884340025,0.01619982540928304,epanechnikov_optimized,epanechnikov
synthetic_bimodal,bimodal,1000,1000,0.3,0.3,1,0.00032019615173339844,0.002201080322265625,0.0,0.0,0.009561915458287105,0.01603373919319572,epanechnikov_optimized,epanechnikov
synthetic_bimodal,bimodal,1000,1000,0.3,0.3,2,0.00029397010803222656,0.0022482872009277344,0.0,0.0,0.010696074540971953,0.01871814983860784,epanechnikov_optimized,epanechnikov
synthetic_bimodal,bimodal,1000,1000,0.3,0.3,3,0.0002639293670654297,0.002374887466430664,0.0,0.0,0.009711677233095052,0.01720378627824871,epanechnikov_optimized,epanechnikov
synthetic_bimodal,bimodal,1000,1000,0.3,0.3,4,0.0003058910369873047,0.0021522045135498047,0.0,0.0,0.009550997036415104,0.016929962158363246,epanechnikov_optimized,epanechnikov
synthetic_bimodal,bimodal,1000,1000,0.5,0.5,0,0.00024390220642089844,0.0024678707122802734,0.0,0.0,0.005563599206690218,0.009919827890402957,epanechnikov_optimized,epanechnikov
synthetic_bimodal,bimodal,1000,1000,0.5,0.5,1,0.0002651214599609375,0.002471923828125,0.0,0.0,0.00604837381480373,0.010550946243890434,epanechnikov_optimized,epanechnikov
synthetic_bimodal,bimodal,1000,1000,0.5,0.5,2,0.0003330707550048828,0.002910137176513672,0.0,0.0,0.007758998710510972,0.013050152130982977,epanechnikov_optimized,epanechnikov
synthetic_bimodal,bimodal,1000,1000,0.5,0.5,3,0.0003039836883544922,0.002767801284790039,0.0,0.0,0.006669291349311256,0.011710457003983443,epanechnikov_optimized,epanechnikov
synthetic_bimodal,bimodal,1000,1000,0.5,0.5,4,0.00029206275939941406,0.002579212188720703,0.0,0.0,0.006421559706691041,0.011469320586247656,epanechnikov_optimized,epanechnikov
synthetic_bimodal,bimodal,1000,1000,r0.1,3.350637055642398,0,0.0002529621124267578,0.002855062484741211,0.0,0.0,0.02079349056177114,0.034784177236803625,epanechnikov_optimized,epanechnikov
synthetic_bimodal,bimodal,1000,1000,r0.1,3.5469994153618964,1,0.0003101825714111328,0.0028688907623291016,0.0,0.015625,0.02554409686597858,0.04207889963619435,epanechnikov_optimized,epanechnikov
synthetic_bimodal,bimodal,1000,1000,r0.1,3.5469994153618964,2,0.0002620220184326172,0.0028290748596191406,0.0,0.0,0.0239835618346493,0.04108069979370574,epanechnikov_optimized,epanechnikov
synthetic_bimodal,bimodal,1000,1000,r0.1,3.5469994153618964,3,0.0002739429473876953,0.002942800521850586,0.0,0.0,0.0235129720270856,0.04047438674126262,epanechnikov_optimized,epanechnikov
synthetic_bimodal,bimodal,1000,1000,r0.1,3.160074074262155,4,0.00028228759765625,0.002907276153564453,0.0,0.0,0.016961931821094074,0.02869746057339665,epanechnikov_optimized,epanechnikov
synthetic_bimodal,bimodal,1000,1000,r0.3,10.051911166927194,0,0.0002758502960205078,0.0029401779174804688,0.0,0.0,0.19215106078057526,0.2935014267557123,epanechnikov_optimized,epanechnikov
synthetic_bimodal,bimodal,1000,1000,r0.3,10.640998246085688,1,0.0002880096435546875,0.0030059814453125,0.0,0.0,0.2081290580041879,0.31595735202471625,epanechnikov_optimized,epanechnikov
synthetic_bimodal,bimodal,1000,1000,r0.3,10.640998246085688,2,0.000270843505859375,0.0028710365295410156,0.0,0.0,0.20761751309905124,0.31766296532390337,epanechnikov_optimized,epanechnikov
synthetic_bimodal,bimodal,1000,1000,r0.3,10.640998246085688,3,0.00031280517578125,0.0027680397033691406,0.0,0.0,0.20591874628072918,0.3158583434594825,epanechnikov_optimized,epanechnikov
synthetic_bimodal,bimodal,1000,1000,r0.3,9.480222222786464,4,0.0002827644348144531,0.002789735794067383,0.0,0.0,0.1783062206471837,0.27296617014068536,epanechnikov_optimized,epanechnikov
synthetic_bimodal,bimodal,10000,10000,0.1,0.1,0,0.001264333724975586,0.018791913986206055,0.0,0.015625,0.003235793817336649,0.0058414053184140165,epanechnikov_optimized,epanechnikov
synthetic_bimodal,bimodal,10000,10000,0.1,0.1,1,0.0014979839324951172,0.018451929092407227,0.0,0.0,0.0035182417300112885,0.006420863607619461,epanechnikov_optimized,epanechnikov
synthetic_bimodal,bimodal,10000,10000,0.1,0.1,2,0.0017499923706054688,0.018873214721679688,0.0,0.078125,0.0037497343921636082,0.006790698405371106,epanechnikov_optimized,epanechnikov
synthetic_bimodal,bimodal,10000,10000,0.1,0.1,3,0.0012640953063964844,0.018581867218017578,0.0,0.0,0.003621052785083981,0.006559336777470577,epanechnikov_optimized,epanechnikov
synthetic_bimodal,bimodal,10000,10000,0.1,0.1,4,0.0014870166778564453,0.018510103225708008,0.0,0.078125,0.00345037245043757,0.0062541959574655605,epanechnikov_optimized,epanechnikov
synthetic_bimodal,bimodal,10000,10000,0.3,0.3,0,0.0013670921325683594,0.02083420753479004,0.0,0.0,0.001282916264785415,0.0023690263873380824,epanechnikov_optimized,epanechnikov
synthetic_bimodal,bimodal,10000,10000,0.3,0.3,1,0.001466989517211914,0.02059197425842285,0.0,0.015625,0.0013505911976859153,0.0024298583050350966,epanechnikov_optimized,epanechnikov
synthetic_bimodal,bimodal,10000,10000,0.3,0.3,2,0.0014951229095458984,0.020503997802734375,0.0,0.0,0.001041613338366313,0.00187895384238482,epanechnikov_optimized,epanechnikov
synthetic_bimodal,bimodal,10000,10000,0.3,0.3,3,0.0013980865478515625,0.02048516273498535,0.0,0.0,0.0012525620928082984,0.00229181218005725,epanechnikov_optimized,epanechnikov
synthetic_bimodal,bimodal,10000,10000,0.3,0.3,4,0.001470327377319336,0.020648956298828125,0.0,0.0,0.0011282162322925997,0.0020595533491130835,epanechnikov_optimized,epanechnikov
synthetic_bimodal,bimodal,10000,10000,0.5,0.5,0,0.0014929771423339844,0.023345947265625,0.0,0.0,0.0006453735245534869,0.0011604039411403139,epanechnikov_optimized,epanechnikov
synthetic_bimodal,bimodal,10000,10000,0.5,0.5,1,0.0015099048614501953,0.022979021072387695,0.0,0.015625,0.0007384315274443969,0.0013291065146838702,epanechnikov_optimized,epanechnikov
synthetic_bimodal,bimodal,10000,10000,0.5,0.5,2,0.0013508796691894531,0.02275395393371582,0.0,0.0,0.0006134901293861017,0.0011090381300096507,epanechnikov_optimized,epanechnikov
synthetic_bimodal,bimodal,10000,10000,0.5,0.5,3,0.0013470649719238281,0.02277827262878418,0.0,0.015625,0.0007583100869748091,0.0013707051183518178,epanechnikov_optimized,epanechnikov
synthetic_bimodal,bimodal,10000,10000,0.5,0.5,4,0.0015027523040771484,0.023106098175048828,0.0,0.0,0.0006700819537838956,0.0012437785242794,epanechnikov_optimized,epanechnikov
synthetic_bimodal,bimodal,10000,10000,r0.1,3.9243189790273343,0,0.001268148422241211,0.02801680564880371,0.0,0.0,0.02908746342540381,0.04959949958974766,epanechnikov_optimized,epanechnikov
synthetic_bimodal,bimodal,10000,10000,r0.1,3.881446627447848,1,0.0015139579772949219,0.028780221939086914,0.0,0.0,0.02844895852964214,0.048717187334510054,epanechnikov_optimized,epanechnikov
synthetic_bimodal,bimodal,10000,10000,r0.1,3.9243189790273343,2,0.0038611888885498047,0.03208303451538086,0.0,0.03125,0.029195712685925412,0.049947306405701636,epanechnikov_optimized,epanechnikov
synthetic_bimodal,bimodal,10000,10000,r0.1,3.9243189790273343,3,0.0015406608581542969,0.028734922409057617,0.0,0.0,0.029401902990237264,0.05005083597411436,epanechnikov_optimized,epanechnikov
synthetic_bimodal,bimodal,10000,10000,r0.1,3.725727719594413,4,0.0014300346374511719,0.028434038162231445,0.0,0.0,0.025529642767148,0.04370019073405966,epanechnikov_optimized,epanechnikov
synthetic_bimodal,bimodal,10000,10000,r0.3,11.772956937082002,0,0.0013439655303955078,0.028483152389526367,0.0,0.0,0.22601875703150076,0.343214353832913,epanechnikov_optimized,epanechnikov
synthetic_bimodal,bimodal,10000,10000,r0.3,11.644339882343543,1,0.0015289783477783203,0.027914047241210938,0.0,0.015625,0.22440068164251947,0.34120755993918683,epanechnikov_optimized,epanechnikov
synthetic_bimodal,bimodal,10000,10000,r0.3,11.772956937082002,2,0.0013098716735839844,0.027842044830322266,0.0,0.015625,0.22644687732722116,0.34419346618737023,epanechnikov_optimized,epanechnikov
synthetic_bimodal,bimodal,10000,10000,r0.3,11.772956937082002,3,0.0013308525085449219,0.02780914306640625,0.0,0.0,0.22681067488094786,0.3442691672558592,epanechnikov_optimized,epanechnikov
synthetic_bimodal,bimodal,10000,10000,r0.3,11.177183158783238,4,0.001506805419921875,0.027682065963745117,0.0,0.015625,0.21519634697234435,0.327641676711522,epanechnikov_optimized,epanechnikov
synthetic_bimodal,bimodal,100000,100000,0.1,0.1,0,0.011671066284179688,0.17806434631347656,0.0,0.46875,0.0006219292621704957,0.0011457371869579987,epanechnikov_optimized,epanechnikov
synthetic_bimodal,bimodal,100000,100000,0.1,0.1,1,0.012765884399414062,0.1778879165649414,0.0,0.6875,0.0006858555883387931,0.0012331263837103705,epanechnikov_optimized,epanechnikov
synthetic_bimodal,bimodal,100000,100000,0.1,0.1,2,0.011273860931396484,0.1785871982574463,0.0,0.109375,0.0006739483698366038,0.00122724323420049,epanechnikov_optimized,epanechnikov
synthetic_bimodal,bimodal,100000,100000,0.1,0.1,3,0.011291027069091797,0.1784989833831787,0.0,1.234375,0.0006720327815706379,0.0012383502908284037,epanechnikov_optimized,epanechnikov
synthetic_bimodal,bimodal,100000,100000,0.1,0.1,4,0.011607170104980469,0.17686700820922852,0.0,0.15625,0.0006653452612035537,0.00123186215762413,epanechnikov_optimized,epanechnikov
synthetic_bimodal,bimodal,100000,100000,0.3,0.3,0,0.011240959167480469,0.1947801113128662,0.0,0.0,0.00025782412878997714,0.0004812040680266293,epanechnikov_optimized,epanechnikov
synthetic_bimodal,bimodal,100000,100000,0.3,0.3,1,0.011880874633789062,0.18970108032226562,0.0,0.0,0.00022853406071034684,0.00042407284357883954,epanechnikov_optimized,epanechnikov
synthetic_bimodal,bimodal,100000,100000,0.3,0.3,2,0.011530876159667969,0.1884300708770752,0.0,0.3125,0.0002398268720763971,0.00044602400688742346,epanechnikov_optimized,epanechnikov
synthetic_bimodal,bimodal,100000,100000,0.3,0.3,3,0.011389970779418945,0.18825387954711914,0.0,0.0,0.0002508695884467119,0.0004689417855705104,epanechnikov_optimized,epanechnikov
synthetic_bimodal,bimodal,100000,100000,0.3,0.3,4,0.01241302490234375,0.18692874908447266,0.0,0.0,0.0002289868767528118,0.00042218242433637843,epanechnikov_optimized,epanechnikov
synthetic_bimodal,bimodal,100000,100000,0.5,0.5,0,0.014900922775268555,0.19698786735534668,0.0,0.0,0.00014477006280681797,0.0002723606081380008,epanechnikov_optimized,epanechnikov
synthetic_bimodal,bimodal,100000,100000,0.5,0.5,1,0.012501001358032227,0.19892597198486328,0.0,0.078125,0.0001301981699550427,0.0002483575771305513,epanechnikov_optimized,epanechnikov
synthetic_bimodal,bimodal,100000,100000,0.5,0.5,2,0.01166224479675293,0.19723105430603027,0.0,0.6875,0.00015913825349274954,0.00029867403189098504,epanechnikov_optimized,epanechnikov
synthetic_bimodal,bimodal,100000,100000,0.5,0.5,3,0.01134490966796875,0.19793009757995605,0.0,0.0,0.00016090282760023561,0.00030255141338922414,epanechnikov_optimized,epanechnikov
synthetic_bimodal,bimodal,100000,100000,0.5,0.5,4,0.011275053024291992,0.1991748809814453,0.0,0.0,0.00013133555665155054,0.00024442207524645647,epanechnikov_optimized,epanechnikov
synthetic_bimodal,bimodal,100000,100000,r0.1,8.332497213423052,0,0.011815309524536133,0.28412795066833496,0.0,0.015625,0.1464012745067803,0.22961791449503455,epanechnikov_optimized,epanechnikov
synthetic_bimodal,bimodal,100000,100000,r0.1,8.115918733275526,1,0.011144161224365234,0.2780721187591553,0.0,0.0,0.1412366834195948,0.2216242601991416,epanechnikov_optimized,epanechnikov
synthetic_bimodal,bimodal,100000,100000,r0.1,8.33381488164744,2,0.01249384880065918,0.2792389392852783,0.0,0.75,0.14589670522788556,0.22923736857826837,epanechnikov_optimized,epanechnikov
synthetic_bimodal,bimodal,100000,100000,r0.1,8.33381488164744,3,0.01051783561706543,0.27897095680236816,0.0,0.0,0.14633564438330235,0.22960593924921566,epanechnikov_optimized,epanechnikov
synthetic_bimodal,bimodal,100000,100000,r0.1,8.33381488164744,4,0.01518106460571289,0.2789781093597412,0.0,1.046875,0.14664856570844445,0.23021623598048438,epanechnikov_optimized,epanechnikov
synthetic_bimodal,bimodal,100000,100000,r0.3,24.99749164026915,0,0.01182413101196289,0.2782628536224365,0.0,0.0,0.2017551831769561,0.3031881623599816,epanechnikov_optimized,epanechnikov
synthetic_bimodal,bimodal,100000,100000,r0.3,24.347756199826573,1,0.011962175369262695,0.28446221351623535,0.0,0.078125,0.20171007583297085,0.3048920618092867,epanechnikov_optimized,epanechnikov
synthetic_bimodal,bimodal,100000,100000,r0.3,25.001444644942314,2,0.011638879776000977,0.280048131942749,0.0,0.0,0.20127674443875238,0.3021228013918339,epanechnikov_optimized,epanechnikov
synthetic_bimodal,bimodal,100000,100000,r0.3,25.001444644942314,3,0.011120080947875977,0.27982425689697266,0.0,0.015625,0.20140398613491411,0.3022871509952905,epanechnikov_optimized,epanechnikov
synthetic_bimodal,bimodal,100000,100000,r0.3,25.001444644942314,4,0.011962890625,0.28186607360839844,0.0,0.0,0.2018504171141316,0.30309634267713914,epanechnikov_optimized,epanechnikov
opportunity,RKN^,100,100,0.1,0.1,0,0.0001690387725830078,0.001070261001586914,0.0,0.0,0.03955262180166831,0.060473471706573904,epanechnikov_optimized,epanechnikov
opportunity,RKN^,100,100,0.1,0.1,1,9.799003601074219e-05,0.00046706199645996094,0.0,0.0,0.03932001213957924,0.05831146675763076,epanechnikov_optimized,epanechnikov
opportunity,RKN^,100,100,0.1,0.1,2,8.702278137207031e-05,0.0004417896270751953,0.0,0.0,0.03338488717630263,0.05090823957171671,epanechnikov_optimized,epanechnikov
opportunity,RKN^,100,100,0.1,0.1,3,7.700920104980469e-05,0.00038814544677734375,0.0,0.015625,0.042190248873842526,0.06777882107453509,epanechnikov_optimized,epanechnikov
opportunity,RKN^,100,100,0.1,0.1,4,9.608268737792969e-05,0.0004773139953613281,0.0,0.0,0.04018385284780159,0.05978058874955901,epanechnikov_optimized,epanechnikov
opportunity,RKN^,100,100,0.3,0.3,0,9.512901306152344e-05,0.00043892860412597656,0.0,0.0,0.09384678215477255,0.17130087999825355,epanechnikov_optimized,epanechnikov
opportunity,RKN^,100,100,0.3,0.3,1,0.0001609325408935547,0.0004878044128417969,0.0,0.0,0.08153086758175107,0.14938444271211487,epanechnikov_optimized,epanechnikov
opportunity,RKN^,100,100,0.3,0.3,2,0.00014710426330566406,0.0011587142944335938,0.0,0.0,0.09174877979470719,0.1623648304190769,epanechnikov_optimized,epanechnikov
opportunity,RKN^,100,100,0.3,0.3,3,0.00011801719665527344,0.00045013427734375,0.0,0.0,0.11901797169419986,0.2117403170911411,epanechnikov_optimized,epanechnikov
opportunity,RKN^,100,100,0.3,0.3,4,0.00011682510375976562,0.0004761219024658203,0.0,0.0,0.0829452838156761,0.15002107444329646,epanechnikov_optimized,epanechnikov
opportunity,RKN^,100,100,0.5,0.5,0,0.00011897087097167969,0.0004298686981201172,0.0,0.0,0.17635711616587607,0.30299593545216547,epanechnikov_optimized,epanechnikov
opportunity,RKN^,100,100,0.5,0.5,1,0.00010418891906738281,0.0004980564117431641,0.0,0.0,0.16205099548823704,0.27929519357996385,epanechnikov_optimized,epanechnikov
opportunity,RKN^,100,100,0.5,0.5,2,0.00010085105895996094,0.0009698867797851562,0.0,0.0,0.18659316502518303,0.31046582425436486,epanechnikov_optimized,epanechnikov
opportunity,RKN^,100,100,0.5,0.5,3,9.799003601074219e-05,0.00043702125549316406,0.0,0.0,0.2042126373804118,0.34275137106606574,epanechnikov_optimized,epanechnikov
opportunity,RKN^,100,100,0.5,0.5,4,9.298324584960938e-05,0.00041174888610839844,0.0,0.0,0.16405952072206992,0.28210905152698185,epanechnikov_optimized,epanechnikov
opportunity,RKN^,100,100,r0.1,0.21824951074826107,0,0.00012731552124023438,0.00040411949157714844,0.0,0.0,0.05910525865564575,0.10811958033742629,epanechnikov_optimized,epanechnikov
opportunity,RKN^,100,100,r0.1,0.21824951074826107,1,0.00016617774963378906,0.0004868507385253906,0.0,0.0,0.04888281692594155,0.09016555913442748,epanechnikov_optimized,epanechnikov
opportunity,RKN^,100,100,r0.1,0.1894385356144369,2,7.700920104980469e-05,0.00043582916259765625,0.0,0.0,0.040471829502843545,0.07258630395929562,epanechnikov_optimized,epanechnikov
opportunity,RKN^,100,100,r0.1,0.21060057929680337,3,0.00010919570922851562,0.00044798851013183594,0.0,0.0,0.07962406207461165,0.1420838530606478,epanechnikov_optimized,epanechnikov
opportunity,RKN^,100,100,r0.1,0.21824951074826107,4,0.00011110305786132812,0.0004279613494873047,0.0,0.0,0.05056977788625322,0.09046890646921353,epanechnikov_optimized,epanechnikov
opportunity,RKN^,100,100,r0.3,0.6547485322447831,0,0.00011610984802246094,0.0004069805145263672,0.0,0.0,0.22268624920550978,0.36896879757393775,epanechnikov_optimized,epanechnikov
opportunity,RKN^,100,100,r0.3,0.6547485322447831,1,0.00014281272888183594,0.0005548000335693359,0.0,0.0,0.20980232617668126,0.34805160581911004,epanechnikov_optimized,epanechnikov
opportunity,RKN^,100,100,r0.3,0.5683156068433107,2,8.893013000488281e-05,0.0005121231079101562,0.0,0.0,0.21163436236221014,0.3457700509810463,epanechnikov_optimized,epanechnikov
opportunity,RKN^,100,100,r0.3,0.63180173789041,3,0.00011396408081054688,0.00046896934509277344,0.0,0.0,0.24355425248378493,0.39737714815188774,epanechnikov_optimized,epanechnikov
opportunity,RKN^,100,100,r0.3,0.6547485322447831,4,0.0001201629638671875,0.000518798828125,0.0,0.0,0.21234452053019645,0.35149977301636626,epanechnikov_optimized,epanechnikov
opportunity,RKN^,1000,1000,0.1,0.1,0,0.00028586387634277344,0.0034160614013671875,0.0,0.0,0.047387376273928646,0.08794199939652979,epanechnikov_optimized,epanechnikov
opportunity,RKN^,1000,1000,0.1,0.1,1,0.00030112266540527344,0.0032291412353515625,0.0,0.0,0.044308500117465434,0.08350985865032849,epanechnikov_optimized,epanechnikov
opportunity,RKN^,1000,1000,0.1,0.1,2,0.0002586841583251953,0.0033080577850341797,0.0,0.015625,0.051639099380234206,0.09573135733144726,epanechnikov_optimized,epanechnikov
opportunity,RKN^,1000,1000,0.1,0.1,3,0.00030684471130371094,0.0027620792388916016,0.0,0.0,0.05445453962903613,0.10006359579532481,epanechnikov_optimized,epanechnikov
opportunity,RKN^,1000,1000,0.1,0.1,4,0.0002598762512207031,0.0027298927307128906,0.0,0.0,0.05022706187475322,0.09445923704637213,epanechnikov_optimized,epanechnikov
opportunity,RKN^,1000,1000,0.3,0.3,0,0.0002722740173339844,0.0029113292694091797,0.0,0.0,0.1130954962933152,0.18446260456588187,epanechnikov_optimized,epanechnikov
opportunity,RKN^,1000,1000,0.3,0.3,1,0.00030612945556640625,0.002919912338256836,0.0,0.0,0.10188085269989848,0.1677644746606709,epanechnikov_optimized,epanechnikov
opportunity,RKN^,1000,1000,0.3,0.3,2,0.00028395652770996094,0.0029828548431396484,0.0,0.015625,0.1108011570980321,0.17839617785719364,epanechnikov_optimized,epanechnikov
opportunity,RKN^,1000,1000,0.3,0.3,3,0.0002951622009277344,0.003011941909790039,0.0,0.0,0.11773181748684346,0.1870945740612255,epanechnikov_optimized,epanechnikov
opportunity,RKN^,1000,1000,0.3,0.3,4,0.00029206275939941406,0.002988100051879883,0.0,0.0,0.10685734737047038,0.1764918335415503,epanechnikov_optimized,epanechnikov
opportunity,RKN^,1000,1000,0.5,0.5,0,0.0002968311309814453,0.003068208694458008,0.0,0.0,0.20419883549724113,0.3303968747381367,epanechnikov_optimized,epanechnikov
opportunity,RKN^,1000,1000,0.5,0.5,1,0.0002543926239013672,0.00310516357421875,0.0,0.0,0.19315795061593197,0.3124610743168948,epanechnikov_optimized,epanechnikov
opportunity,RKN^,1000,1000,0.5,0.5,2,0.0002620220184326172,0.0031070709228515625,0.0,0.0,0.1998843079541038,0.32237712293585613,epanechnikov_optimized,epanechnikov
opportunity,RKN^,1000,1000,0.5,0.5,3,0.00025963783264160156,0.0030090808868408203,0.0,0.0,0.2077877033191886,0.3327190377080483,epanechnikov_optimized,epanechnikov
opportunity,RKN^,1000,1000,0.5,0.5,4,0.0002739429473876953,0.002908945083618164,0.0,0.0,0.1941982999686168,0.3189916377777522,epanechnikov_optimized,epanechnikov
opportunity,RKN^,1000,1000,r0.1,0.515283015446537,0,0.0002570152282714844,0.0028667449951171875,0.0,0.0,0.2099227340366714,0.3391753699333247,epanechnikov_optimized,epanechnikov
opportunity,RKN^,1000,1000,r0.1,0.4913163635653027,1,0.0002779960632324219,0.002863168716430664,0.0,0.0,0.1898257518386135,0.3072654343140807,epanechnikov_optimized,epanechnikov
opportunity,RKN^,1000,1000,r0.1,0.5948319025416976,2,0.0002486705780029297,0.0028891563415527344,0.0,0.0,0.23108147959324116,0.3709122748097166,epanechnikov_optimized,epanechnikov
opportunity,RKN^,1000,1000,r0.1,0.5948319025416976,3,0.00026798248291015625,0.0028200149536132812,0.0,0.0,0.23977766138908774,0.38171870026623067,epanechnikov_optimized,epanechnikov
opportunity,RKN^,1000,1000,r0.1,0.5948319025416976,4,0.0002498626708984375,0.0028531551361083984,0.0,0.0,0.2250794636462148,0.3670004238809526,epanechnikov_optimized,epanechnikov
opportunity,RKN^,1000,1000,r0.3,1.545849046339611,0,0.00026106834411621094,0.002941131591796875,0.0,0.0,0.3699933876098672,0.5467449543587535,epanechnikov_optimized,epanechnikov
opportunity,RKN^,1000,1000,r0.3,1.473949090695908,1,0.0002980232238769531,0.0028159618377685547,0.0,0.0,0.35796887613015255,0.5375778412250838,epanechnikov_optimized,epanechnikov
opportunity,RKN^,1000,1000,r0.3,1.7844957076250927,2,0.0002810955047607422,0.0031731128692626953,0.0,0.0,0.37528818691976656,0.5567085334928034,epanechnikov_optimized,epanechnikov
opportunity,RKN^,1000,1000,r0.3,1.7844957076250927,3,0.0002739429473876953,0.003180980682373047,0.0,0.0,0.38213622178840645,0.5629765644270197,epanechnikov_optimized,epanechnikov
opportunity,RKN^,1000,1000,r0.3,1.7844957076250927,4,0.00028204917907714844,0.0028810501098632812,0.0,0.0,0.37259972140723835,0.5543938107749521,epanechnikov_optimized,epanechnikov
opportunity,RKN^,10000,10000,0.1,0.1,0,0.001486063003540039,0.0255429744720459,0.0,0.0,0.020909217318703863,0.041351714579045726,epanechnikov_optimized,epanechnikov
opportunity,RKN^,10000,10000,0.1,0.1,1,0.001377105712890625,0.02277684211730957,0.0,0.015625,0.022483146877757133,0.04439238187170138,epanechnikov_optimized,epanechnikov
opportunity,RKN^,10000,10000,0.1,0.1,2,0.001294851303100586,0.02231597900390625,0.0,0.0,0.021665076364726504,0.0427297446714058,epanechnikov_optimized,epanechnikov
opportunity,RKN^,10000,10000,0.1,0.1,3,0.001477956771850586,0.023545026779174805,0.0,0.0,0.02135709129241742,0.04203856068452341,epanechnikov_optimized,epanechnikov
opportunity,RKN^,10000,10000,0.1,0.1,4,0.0016100406646728516,0.02358698844909668,0.0,0.015625,0.021568630732980106,0.042684283138016074,epanechnikov_optimized,epanechnikov
opportunity,RKN^,10000,10000,0.3,0.3,0,0.0015459060668945312,0.02954888343811035,0.0,0.0,0.07545038807211586,0.1428590877703068,epanechnikov_optimized,epanechnikov
opportunity,RKN^,10000,10000,0.3,0.3,1,0.0014388561248779297,0.029034852981567383,0.0,0.0,0.07418667566140509,0.14020384614352227,epanechnikov_optimized,epanechnikov
opportunity,RKN^,10000,10000,0.3,0.3,2,0.0015099048614501953,0.028126955032348633,0.0,0.0,0.07716369169459092,0.14587434690019413,epanechnikov_optimized,epanechnikov
opportunity,RKN^,10000,10000,0.3,0.3,3,0.00133514404296875,0.028171777725219727,0.0,0.0,0.07527248932655595,0.14218620225100975,epanechnikov_optimized,epanechnikov
opportunity,RKN^,10000,10000,0.3,0.3,4,0.0014789104461669922,0.027854204177856445,0.0,0.0,0.07456329771062564,0.14142323550775562,epanechnikov_optimized,epanechnikov
opportunity,RKN^,10000,10000,0.5,0.5,0,0.0015380382537841797,0.028371095657348633,0.0,0.0,0.12368253273903668,0.22298170108302648,epanechnikov_optimized,epanechnikov
opportunity,RKN^,10000,10000,0.5,0.5,1,0.0014848709106445312,0.02815699577331543,0.0,0.0,0.12321690023198614,0.22095169999163672,epanechnikov_optimized,epanechnikov
opportunity,RKN^,10000,10000,0.5,0.5,2,0.001500844955444336,0.02765202522277832,0.0,0.0,0.12726785057548548,0.22938926820492989,epanechnikov_optimized,epanechnikov
opportunity,RKN^,10000,10000,0.5,0.5,3,0.0013027191162109375,0.028851032257080078,0.0,0.0,0.12550926596835923,0.22588981274248432,epanechnikov_optimized,epanechnikov
opportunity,RKN^,10000,10000,0.5,0.5,4,0.0012950897216796875,0.027759075164794922,0.0,0.0,0.12382996710145473,0.2232465778321246,epanechnikov_optimized,epanechnikov
opportunity,RKN^,10000,10000,r0.1,0.8202204159779859,0,0.0013821125030517578,0.027929067611694336,0.0,0.0,0.18170849807315204,0.30888052467800586,epanechnikov_optimized,epanechnikov
opportunity,RKN^,10000,10000,r0.1,0.8090019831825146,1,0.0015511512756347656,0.02833724021911621,0.0,0.0,0.1811031823281251,0.3071086984129058,epanechnikov_optimized,epanechnikov
opportunity,RKN^,10000,10000,r0.1,0.8202204159779859,2,0.0013480186462402344,0.028182029724121094,0.0,0.0,0.18531108851710557,0.3154132340839726,epanechnikov_optimized,epanechnikov
opportunity,RKN^,10000,10000,r0.1,0.8202204159779859,3,0.0014929771423339844,0.02884817123413086,0.0,0.0,0.18420627019265107,0.31332343301148646,epanechnikov_optimized,epanechnikov
opportunity,RKN^,10000,10000,r0.1,0.7829956162475583,4,0.001483917236328125,0.02770400047302246,0.0,0.0,0.1785442874292331,0.3044802803159212,epanechnikov_optimized,epanechnikov
opportunity,RKN^,10000,10000,r0.3,2.4606612479339574,0,0.0014960765838623047,0.02851581573486328,0.0,0.0,0.28842239369340106,0.44994195319488617,epanechnikov_optimized,epanechnikov
opportunity,RKN^,10000,10000,r0.3,2.4270059495475436,1,0.0014810562133789062,0.0281217098236084,0.0,0.0,0.2870127611065308,0.44801270101027446,epanechnikov_optimized,epanechnikov
opportunity,RKN^,10000,10000,r0.3,2.4606612479339574,2,0.0015559196472167969,0.028210163116455078,0.0,0.0,0.28778235657758344,0.44970162433697713,epanechnikov_optimized,epanechnikov
opportunity,RKN^,10000,10000,r0.3,2.4606612479339574,3,0.0013241767883300781,0.02898693084716797,0.0,0.0,0.28907242669350214,0.45142969321966914,epanechnikov_optimized,epanechnikov
opportunity,RKN^,10000,10000,r0.3,2.348986848742675,4,0.0014989376068115234,0.028043031692504883,0.0,0.0,0.28063836077982585,0.4408078880451033,epanechnikov_optimized,epanechnikov
opportunity,RKN^,100000,40892,0.1,0.1,0,0.005808830261230469,0.07974982261657715,0.0,0.046875,0.008473092708111437,0.017006725482001734,epanechnikov_optimized,epanechnikov
opportunity,RKN^,100000,40893,0.1,0.1,1,0.005907297134399414,0.08030390739440918,0.0,0.140625,0.00849251085292985,0.017034535062404318,epanechnikov_optimized,epanechnikov
opportunity,RKN^,100000,40893,0.1,0.1,2,0.004724979400634766,0.07976889610290527,0.0,0.0,0.008634568713386106,0.017326538831431145,epanechnikov_optimized,epanechnikov
opportunity,RKN^,100000,40893,0.1,0.1,3,0.006420135498046875,0.07963919639587402,0.0,0.0,0.008413839787129356,0.01687995438299673,epanechnikov_optimized,epanechnikov
opportunity,RKN^,100000,40893,0.1,0.1,4,0.005074262619018555,0.07957673072814941,0.0,0.0,0.008509595960660301,0.017089379795676277,epanechnikov_optimized,epanechnikov
opportunity,RKN^,100000,40892,0.3,0.3,0,0.004789113998413086,0.09530806541442871,0.0,0.0,0.025545982644449128,0.04925811594227527,epanechnikov_optimized,epanechnikov
opportunity,RKN^,100000,40893,0.3,0.3,1,0.0046977996826171875,0.09491610527038574,0.0,0.0,0.025140600737723118,0.04844579741634845,epanechnikov_optimized,epanechnikov
opportunity,RKN^,100000,40893,0.3,0.3,2,0.005170106887817383,0.09528613090515137,0.0,0.0,0.025589852541013824,0.04939754734193799,epanechnikov_optimized,epanechnikov
opportunity,RKN^,100000,40893,0.3,0.3,3,0.005033969879150391,0.09402799606323242,0.0,0.03125,0.02516799976344125,0.048553200959964835,epanechnikov_optimized,epanechnikov
opportunity,RKN^,100000,40893,0.3,0.3,4,0.005615949630737305,0.09501099586486816,0.0,0.0,0.025378527950880716,0.048931477477758764,epanechnikov_optimized,epanechnikov
opportunity,RKN^,100000,40892,0.5,0.5,0,0.004635810852050781,0.11773991584777832,0.0,0.015625,0.06328208643876398,0.12021920797123678,epanechnikov_optimized,epanechnikov
opportunity,RKN^,100000,40893,0.5,0.5,1,0.005326986312866211,0.10964179039001465,0.0,0.03125,0.06268780063621555,0.11898126305729344,epanechnikov_optimized,epanechnikov
opportunity,RKN^,100000,40893,0.5,0.5,2,0.004608869552612305,0.1104280948638916,0.0,0.0,0.06287063992483856,0.11963467009449437,epanechnikov_optimized,epanechnikov
opportunity,RKN^,100000,40893,0.5,0.5,3,0.00469207763671875,0.1091766357421875,0.0,0.0,0.0626229185164173,0.11911382959108084,epanechnikov_optimized,epanechnikov
opportunity,RKN^,100000,40893,0.5,0.5,4,0.0047550201416015625,0.10912513732910156,0.0,0.0,0.0632252281404329,0.12004097984010977,epanechnikov_optimized,epanechnikov
opportunity,RKN^,100000,40892,r0.1,2.2161504058690253,0,0.00556182861328125,0.11481285095214844,0.0,0.0,0.2400540276529617,0.4044592139689107,epanechnikov_optimized,epanechnikov
opportunity,RKN^,100000,40893,r0.1,2.296974114872762,1,0.004967212677001953,0.11398005485534668,0.0,0.015625,0.24679973158575788,0.41279024578407025,epanechnikov_optimized,epanechnikov
opportunity,RKN^,100000,40893,r0.1,2.209776296326144,2,0.004685163497924805,0.11528277397155762,0.0,0.0,0.23896637536564175,0.4029872791731441,epanechnikov_optimized,epanechnikov
opportunity,RKN^,100000,40893,r0.1,2.296974114872762,3,0.005429983139038086,0.11445307731628418,0.0,0.0,0.24664598591207176,0.4123684100345024,epanechnikov_optimized,epanechnikov
opportunity,RKN^,100000,40893,r0.1,2.296974114872762,4,0.005884885787963867,0.11470484733581543,0.0,0.0,0.24607746587295215,0.41186664096702896,epanechnikov_optimized,epanechnikov
opportunity,RKN^,100000,40892,r0.3,6.648451217607075,0,0.005012989044189453,0.11521792411804199,0.0,0.0,0.3890970275439412,0.5680673088700435,epanechnikov_optimized,epanechnikov
opportunity,RKN^,100000,40893,r0.3,6.890922344618287,1,0.004631757736206055,0.11351490020751953,0.0,0.015625,0.3928411597494406,0.5716693520077747,epanechnikov_optimized,epanechnikov
opportunity,RKN^,100000,40893,r0.3,6.629328888978431,2,0.005204916000366211,0.11487126350402832,0.0,0.0,0.38868301105231506,0.5678757683627933,epanechnikov_optimized,epanechnikov
opportunity,RKN^,100000,40893,r0.3,6.890922344618287,3,0.0050733089447021484,0.11425399780273438,0.0,0.0,0.3927064717956832,0.5716202534975283,epanechnikov_optimized,epanechnikov
opportunity,RKN^,100000,40893,r0.3,6.890922344618287,4,0.00472712516784668,0.11379790306091309,0.0,0.0,0.39203258644535804,0.5709571709213321,epanechnikov_optimized,epanechnikov
pamap2,Hand,100,100,0.1,0.1,0,0.00015401840209960938,0.0006730556488037109,0.0,0.015625,0.15252278576162534,0.23153404172774344,epanechnikov_optimized,epanechnikov
pamap2,Hand,100,100,0.1,0.1,1,0.00010204315185546875,0.00046515464782714844,0.0,0.0,0.1300350306226094,0.206739785808064,epanechnikov_optimized,epanechnikov
pamap2,Hand,100,100,0.1,0.1,2,0.00011205673217773438,0.00045299530029296875,0.0,0.0,0.1379124453465518,0.20812267458877115,epanechnikov_optimized,epanechnikov
pamap2,Hand,100,100,0.1,0.1,3,9.822845458984375e-05,0.0004839897155761719,0.0,0.0,0.09574683530171797,0.15067308014161784,epanechnikov_optimized,epanechnikov
pamap2,Hand,100,100,0.1,0.1,4,0.00010704994201660156,0.00045299530029296875,0.0,0.015625,0.1436210103670659,0.22166436936634915,epanechnikov_optimized,epanechnikov
pamap2,Hand,100,100,0.3,0.3,0,0.0001239776611328125,0.0004019737243652344,0.0,0.0,0.0007687166294753599,0.0016609800377695829,epanechnikov_optimized,epanechnikov
pamap2,Hand,100,100,0.3,0.3,1,0.00012993812561035156,0.000492095947265625,0.0,0.0,0.0007171106090831623,0.0015621183488020857,epanechnikov_optimized,epanechnikov
pamap2,Hand,100,100,0.3,0.3,2,0.00010800361633300781,0.0004749298095703125,0.0,0.0,0.0006773255664318592,0.0014692957243299587,epanechnikov_optimized,epanechnikov
pamap2,Hand,100,100,0.3,0.3,3,0.00010085105895996094,0.0005309581756591797,0.0,0.015625,0.00029979829988784935,0.000701328506172943,epanechnikov_optimized,epanechnikov
pamap2,Hand,100,100,0.3,0.3,4,8.702278137207031e-05,0.00045228004455566406,0.0,0.0,0.0007351008637399977,0.0015963119530543373,epanechnikov_optimized,epanechnikov
pamap2,Hand,100,100,0.5,0.5,0,7.82012939453125e-05,0.0004429817199707031,0.0,0.0,6.114683950828124e-05,0.0001709228351771953,epanechnikov_optimized,epanechnikov
pamap2,Hand,100,100,0.5,0.5,1,0.00011992454528808594,0.0004837512969970703,0.015625,0.03125,5.594532934196598e-05,0.0001606774665761198,epanechnikov_optimized,epanechnikov
pamap2,Hand,100,100,0.5,0.5,2,9.393692016601562e-05,0.0004029273986816406,0.0,0.0,5.415710429380622e-05,0.00015300073823890897,epanechnikov_optimized,epanechnikov
pamap2,Hand,100,100,0.5,0.5,3,0.00011610984802246094,0.00040602684020996094,0.0,0.0,2.0714938931756365e-05,7.722016898084814e-05,epanechnikov_optimized,epanechnikov
pamap2,Hand,100,100,0.5,0.5,4,8.702278137207031e-05,0.0005340576171875,0.0,0.0,5.7875829125380966e-05,0.0001644536070003658,epanechnikov_optimized,epanechnikov
pamap2,Hand,100,100,r0.1,0.013123717448017203,0,8.20159912109375e-05,0.00041484832763671875,0.0,0.0,0.03836933882588417,0.060595577126261284,epanechnikov_optimized,epanechnikov
pamap2,Hand,100,100,r0.1,0.013123717448017203,1,0.00010824203491210938,0.0004916191101074219,0.0,0.0,0.029752812192067355,0.04822443943623751,epanechnikov_optimized,epanechnikov
pamap2,Hand,100,100,r0.1,0.012597820849333752,2,8.606910705566406e-05,0.00042891502380371094,0.0,0.0,0.031648228566964434,0.04972346183221864,epanechnikov_optimized,epanechnikov
pamap2,Hand,100,100,r0.1,0.011294300363310217,3,9.512901306152344e-05,0.0004811286926269531,0.0,0.0,0.02427517189199918,0.0385356500022013,epanechnikov_optimized,epanechnikov
pamap2,Hand,100,100,r0.1,0.013123717448017203,4,0.00010013580322265625,0.0004551410675048828,0.0,0.0,0.029059508859610256,0.04797850147862166,epanechnikov_optimized,epanechnikov
pamap2,Hand,100,100,r0.3,0.039371152344051606,0,0.0001571178436279297,0.00046706199645996094,0.0,0.0,0.20488113360396268,0.330333612245832,epanechnikov_optimized,epanechnikov
pamap2,Hand,100,100,r0.3,0.039371152344051606,1,0.00014209747314453125,0.0005168914794921875,0.0,0.0,0.16902618604433414,0.2745819417742753,epanechnikov_optimized,epanechnikov
pamap2,Hand,100,100,r0.3,0.037793462548001255,2,0.00010204315185546875,0.0004119873046875,0.0,0.0,0.19150756459378976,0.30524949982079425,epanechnikov_optimized,epanechnikov
pamap2,Hand,100,100,r0.3,0.033882901089930646,3,9.226799011230469e-05,0.0004711151123046875,0.0,0.0,0.17014747964015933,0.2742411098624953,epanechnikov_optimized,epanechnikov
pamap2,Hand,100,100,r0.3,0.039371152344051606,4,7.677078247070312e-05,0.0004928112030029297,0.0,0.015625,0.18288260042029214,0.29597025162205454,epanechnikov_optimized,epanechnikov
pamap2,Hand,1000,1000,0.1,0.1,0,0.00025391578674316406,0.0029449462890625,0.0,0.0,0.1892177482217136,0.3096106506344839,epanechnikov_optimized,epanechnikov
pamap2,Hand,1000,1000,0.1,0.1,1,0.0002751350402832031,0.0029449462890625,0.0,0.0,0.1821447244063027,0.29537781441093147,epanechnikov_optimized,epanechnikov
pamap2,Hand,1000,1000,0.1,0.1,2,0.000286102294921875,0.0029418468475341797,0.0,0.0,0.18019733908693583,0.29347315947184754,epanechnikov_optimized,epanechnikov
pamap2,Hand,1000,1000,0.1,0.1,3,0.00027680397033691406,0.0028162002563476562,0.0,0.0,0.18129661434879854,0.2944212080965949,epanechnikov_optimized,epanechnikov
pamap2,Hand,1000,1000,0.1,0.1,4,0.00027108192443847656,0.0029900074005126953,0.0,0.0,0.18874723854209502,0.30564718533016605,epanechnikov_optimized,epanechnikov
pamap2,Hand,1000,1000,0.3,0.3,0,0.0002548694610595703,0.002918243408203125,0.0,0.0,0.2794209349107827,0.4204877844522501,epanechnikov_optimized,epanechnikov
pamap2,Hand,1000,1000,0.3,0.3,1,0.0003008842468261719,0.0029098987579345703,0.0,0.015625,0.2689424949412137,0.4065099919361591,epanechnikov_optimized,epanechnikov
pamap2,Hand,1000,1000,0.3,0.3,2,0.0002617835998535156,0.002833843231201172,0.0,0.0,0.273793053315834,0.41296180677775896,epanechnikov_optimized,epanechnikov
pamap2,Hand,1000,1000,0.3,0.3,3,0.0003001689910888672,0.0028638839721679688,0.0,0.0,0.2799097131901566,0.42018986468269354,epanechnikov_optimized,epanechnikov
pamap2,Hand,1000,1000,0.3,0.3,4,0.0002512931823730469,0.002942800521850586,0.0,0.0,0.2813781345417262,0.4225231840212787,epanechnikov_optimized,epanechnikov
pamap2,Hand,1000,1000,0.5,0.5,0,0.0002551078796386719,0.0029098987579345703,0.0,0.0,0.14975389490919788,0.21631227509600354,epanechnikov_optimized,epanechnikov
pamap2,Hand,1000,1000,0.5,0.5,1,0.0003180503845214844,0.002964019775390625,0.0,0.015625,0.14434051288930697,0.20772062448540635,epanechnikov_optimized,epanechnikov
pamap2,Hand,1000,1000,0.5,0.5,2,0.0002701282501220703,0.0029091835021972656,0.0,0.0,0.14442478135504194,0.20947779214165843,epanechnikov_optimized,epanechnikov
pamap2,Hand,1000,1000,0.5,0.5,3,0.00026798248291015625,0.002870798110961914,0.0,0.0,0.15000645261912743,0.21650843726386743,epanechnikov_optimized,epanechnikov
pamap2,Hand,1000,1000,0.5,0.5,4,0.00025177001953125,0.0028951168060302734,0.0,0.0,0.15067096380972114,0.21717444154033952,epanechnikov_optimized,epanechnikov
pamap2,Hand,1000,1000,r0.1,0.06171053677741356,0,0.000270843505859375,0.0027799606323242188,0.0,0.0,0.11792380241440985,0.20285753121406863,epanechnikov_optimized,epanechnikov
pamap2,Hand,1000,1000,r0.1,0.06053287993571835,1,0.0002551078796386719,0.0028409957885742188,0.0,0.0,0.10827207420340701,0.1861095194397833,epanechnikov_optimized,epanechnikov
pamap2,Hand,1000,1000,r0.1,0.06098328973524732,2,0.0002579689025878906,0.0028688907623291016,0.0,0.015625,0.10863439439131124,0.18712598176574813,epanechnikov_optimized,epanechnikov
pamap2,Hand,1000,1000,r0.1,0.06171053677741356,3,0.00024390220642089844,0.002778768539428711,0.0,0.0,0.10971060316547479,0.18775391950049306,epanechnikov_optimized,epanechnikov
pamap2,Hand,1000,1000,r0.1,0.06171053677741356,4,0.00022721290588378906,0.002782106399536133,0.0,0.0,0.11551928408207993,0.19550561903847474,epanechnikov_optimized,epanechnikov
pamap2,Hand,1000,1000,r0.3,0.18513161033224068,0,0.0002319812774658203,0.002891063690185547,0.0,0.0,0.2776632087372012,0.4348042307651591,epanechnikov_optimized,epanechnikov
pamap2,Hand,1000,1000,r0.3,0.18159863980715502,1,0.0002849102020263672,0.0028617382049560547,0.0,0.0,0.2699762094560941,0.42299334454372484,epanechnikov_optimized,epanechnikov
pamap2,Hand,1000,1000,r0.3,0.18294986920574194,2,0.0002410411834716797,0.0029740333557128906,0.0,0.0,0.26994982396391054,0.4232654543573609,epanechnikov_optimized,epanechnikov
pamap2,Hand,1000,1000,r0.3,0.18513161033224068,3,0.0002498626708984375,0.0028581619262695312,0.0,0.0,0.2749115450571973,0.428940150393753,epanechnikov_optimized,epanechnikov
pamap2,Hand,1000,1000,r0.3,0.18513161033224068,4,0.0002338886260986328,0.0030918121337890625,0.0,0.0,0.2795119999279369,0.43604426770777405,epanechnikov_optimized,epanechnikov
pamap2,Hand,10000,10000,0.1,0.1,0,0.0012683868408203125,0.02779531478881836,0.0,0.0,0.23537758288657123,0.3835384071909316,epanechnikov_optimized,epanechnikov
pamap2,Hand,10000,10000,0.1,0.1,1,0.0013439655303955078,0.02734994888305664,0.0,0.0,0.23538345870091823,0.383154721916823,epanechnikov_optimized,epanechnikov
pamap2,Hand,10000,10000,0.1,0.1,2,0.0013959407806396484,0.027095794677734375,0.0,0.0,0.23247006356254452,0.3787876097762831,epanechnikov_optimized,epanechnikov
pamap2,Hand,10000,10000,0.1,0.1,3,0.0015139579772949219,0.02729511260986328,0.0,0.0,0.23554855958439266,0.38291123788080067,epanechnikov_optimized,epanechnikov
pamap2,Hand,10000,10000,0.1,0.1,4,0.0015439987182617188,0.02739095687866211,0.0,0.03125,0.23666272626487483,0.3850939459132434,epanechnikov_optimized,epanechnikov
pamap2,Hand,10000,10000,0.3,0.3,0,0.0015590190887451172,0.029638290405273438,0.0,0.0,0.15955746750570457,0.24974894734685535,epanechnikov_optimized,epanechnikov
pamap2,Hand,10000,10000,0.3,0.3,1,0.0014941692352294922,0.02783513069152832,0.0,0.0,0.15993256678197604,0.24995364092905265,epanechnikov_optimized,epanechnikov
pamap2,Hand,10000,10000,0.3,0.3,2,0.0012772083282470703,0.027856826782226562,0.0,0.015625,0.1576552260165877,0.2464078706891745,epanechnikov_optimized,epanechnikov
pamap2,Hand,10000,10000,0.3,0.3,3,0.0015087127685546875,0.027791261672973633,0.0,0.0,0.15680967271638732,0.24525231025834313,epanechnikov_optimized,epanechnikov
pamap2,Hand,10000,10000,0.3,0.3,4,0.0013523101806640625,0.027722835540771484,0.0,0.015625,0.15765016975164184,0.2469009595128984,epanechnikov_optimized,epanechnikov
pamap2,Hand,10000,10000,0.5,0.5,0,0.0012841224670410156,0.027820110321044922,0.0,0.015625,0.13015196640649276,0.17650840743304583,epanechnikov_optimized,epanechnikov
pamap2,Hand,10000,10000,0.5,0.5,1,0.0013027191162109375,0.03111410140991211,0.0,0.0,0.1307770822725667,0.17681200044709558,epanechnikov_optimized,epanechnikov
pamap2,Hand,10000,10000,0.5,0.5,2,0.0015180110931396484,0.028250694274902344,0.0,0.0,0.12951626850760167,0.17527400124118378,epanechnikov_optimized,epanechnikov
pamap2,Hand,10000,10000,0.5,0.5,3,0.001506805419921875,0.02785491943359375,0.0,0.0,0.12887392214411222,0.17468099335199946,epanechnikov_optimized,epanechnikov
pamap2,Hand,10000,10000,0.5,0.5,4,0.0012650489807128906,0.027762889862060547,0.0,0.0,0.12966733034036354,0.17599568653606337,epanechnikov_optimized,epanechnikov
pamap2,Hand,10000,10000,r0.1,0.33093867867250654,0,0.0013020038604736328,0.027831077575683594,0.0,0.015625,0.14817406476812278,0.23059263431208163,epanechnikov_optimized,epanechnikov
pamap2,Hand,10000,10000,r0.1,0.32053342761732573,1,0.0016021728515625,0.029293060302734375,0.0,0.0,0.15192726532098147,0.23695785070990202,epanechnikov_optimized,epanechnikov
pamap2,Hand,10000,10000,r0.1,0.33093867867250654,2,0.004889726638793945,0.029358863830566406,0.0,0.0,0.14661675256898826,0.227537708395557,epanechnikov_optimized,epanechnikov
pamap2,Hand,10000,10000,r0.1,0.33093867867250654,3,0.0013740062713623047,0.028399944305419922,0.0,0.0,0.14563457422577047,0.22631189642884803,epanechnikov_optimized,epanechnikov
pamap2,Hand,10000,10000,r0.1,0.33093867867250654,4,0.0013279914855957031,0.028525829315185547,0.0,0.0,0.14652875676684088,0.22809483158341065,epanechnikov_optimized,epanechnikov
pamap2,Hand,10000,10000,r0.3,0.9928160360175194,0,0.0018239021301269531,0.028447866439819336,0.0,0.0,0.20138317101484934,0.2964324079576677,epanechnikov_optimized,epanechnikov
pamap2,Hand,10000,10000,r0.3,0.9616002828519772,1,0.0013229846954345703,0.028602123260498047,0.0,0.0,0.19562992143292582,0.28669057664403386,epanechnikov_optimized,epanechnikov
pamap2,Hand,10000,10000,r0.3,0.9928160360175194,2,0.0015177726745605469,0.027966976165771484,0.0,0.0,0.1993965709395189,0.29451905020233576,epanechnikov_optimized,epanechnikov
pamap2,Hand,10000,10000,r0.3,0.9928160360175194,3,0.0014541149139404297,0.027857303619384766,0.0,0.0,0.2013009283447069,0.29638113571714947,epanechnikov_optimized,epanechnikov
pamap2,Hand,10000,10000,r0.3,0.9928160360175194,4,0.00125885009765625,0.02783799171447754,0.0,0.0,0.20251916817631402,0.2979066483045331,epanechnikov_optimized,epanechnikov
pamap2,Hand,100000,100000,0.1,0.1,0,0.011725187301635742,0.21181607246398926,0.0,0.578125,0.03277792735321557,0.060977102982014024,epanechnikov_optimized,epanechnikov
pamap2,Hand,100000,100000,0.1,0.1,1,0.01111912727355957,0.21187710762023926,0.0,0.28125,0.03310813226307617,0.06152600021006619,epanechnikov_optimized,epanechnikov
pamap2,Hand,100000,100000,0.1,0.1,2,0.011695146560668945,0.21271085739135742,0.0,0.40625,0.03296460627384709,0.06127541477541652,epanechnikov_optimized,epanechnikov
pamap2,Hand,100000,100000,0.1,0.1,3,0.01338815689086914,0.2119731903076172,0.0,0.234375,0.03273751851647179,0.06068536814527187,epanechnikov_optimized,epanechnikov
pamap2,Hand,100000,100000,0.1,0.1,4,0.010981082916259766,0.21352505683898926,0.0,0.0,0.03246676001744103,0.06047931541646879,epanechnikov_optimized,epanechnikov
pamap2,Hand,100000,100000,0.3,0.3,0,0.01226496696472168,0.2672550678253174,0.0,0.6875,0.047866424676507244,0.08480343659047747,epanechnikov_optimized,epanechnikov
pamap2,Hand,100000,100000,0.3,0.3,1,0.011815071105957031,0.2744271755218506,0.0,0.078125,0.047826502556193196,0.08464662863854489,epanechnikov_optimized,epanechnikov
pamap2,Hand,100000,100000,0.3,0.3,2,0.010571002960205078,0.27213001251220703,0.0,0.3125,0.04767887546918817,0.08443469235128735,epanechnikov_optimized,epanechnikov
pamap2,Hand,100000,100000,0.3,0.3,3,0.011965751647949219,0.2728281021118164,0.0,0.0,0.04736402360687247,0.08384100020305464,epanechnikov_optimized,epanechnikov
pamap2,Hand,100000,100000,0.3,0.3,4,0.011597871780395508,0.27343106269836426,0.0,0.0,0.04778455663685373,0.08483129313658341,epanechnikov_optimized,epanechnikov
pamap2,Hand,100000,100000,0.5,0.5,0,0.014184951782226562,0.28516292572021484,0.0,0.328125,0.050627159441550634,0.07795263058664958,epanechnikov_optimized,epanechnikov
pamap2,Hand,100000,100000,0.5,0.5,1,0.010876893997192383,0.2814199924468994,0.0,1.53125,0.05088928293190826,0.0782383793182446,epanechnikov_optimized,epanechnikov
pamap2,Hand,100000,100000,0.5,0.5,2,0.011945009231567383,0.2815268039703369,0.0,0.0,0.05032454522867635,0.07750251289431759,epanechnikov_optimized,epanechnikov
pamap2,Hand,100000,100000,0.5,0.5,3,0.014075040817260742,0.28714585304260254,0.0,0.0,0.05033743664754168,0.07760960704296123,epanechnikov_optimized,epanechnikov
pamap2,Hand,100000,100000,0.5,0.5,4,0.012046098709106445,0.2893950939178467,0.0,0.0,0.050504888716747035,0.07795653781844526,epanechnikov_optimized,epanechnikov
pamap2,Hand,100000,100000,r0.1,1.1264513680400616,0,0.012944221496582031,0.2869551181793213,0.0,0.0,0.1231700417790381,0.16895136947802886,epanechnikov_optimized,epanechnikov
pamap2,Hand,100000,100000,r0.1,1.1264513680400616,1,0.011335134506225586,0.28266429901123047,0.0,0.078125,0.12360156423799892,0.1693871225903254,epanechnikov_optimized,epanechnikov
pamap2,Hand,100000,100000,r0.1,1.0973285295388113,2,0.010778188705444336,0.28386378288269043,0.0,0.0,0.11851274267471112,0.1625635060570981,epanechnikov_optimized,epanechnikov
pamap2,Hand,100000,100000,r0.1,1.1264513680400616,3,0.013424873352050781,0.2838020324707031,0.0,0.0,0.12309444296276008,0.1691608280408252,epanechnikov_optimized,epanechnikov
pamap2,Hand,100000,100000,r0.1,1.0866724928182483,4,0.011929035186767578,0.2815999984741211,0.0,0.0,0.11691063980934283,0.16035329708038926,epanechnikov_optimized,epanechnikov
pamap2,Hand,100000,100000,r0.3,3.379354104120184,0,0.01358795166015625,0.28934288024902344,0.0,0.296875,0.3262197064093714,0.47279110145423375,epanechnikov_optimized,epanechnikov
pamap2,Hand,100000,100000,r0.3,3.379354104120184,1,0.011420011520385742,0.2832632064819336,0.0,0.09375,0.32632659433021205,0.47306162709891375,epanechnikov_optimized,epanechnikov
pamap2,Hand,100000,100000,r0.3,3.2919855886164338,2,0.013178825378417969,0.28271007537841797,0.0,0.84375,0.3226339087751766,0.46808135597676476,epanechnikov_optimized,epanechnikov
pamap2,Hand,100000,100000,r0.3,3.379354104120184,3,0.013941764831542969,0.28310084342956543,0.0,0.0,0.32630723432079073,0.473008181253426,epanechnikov_optimized,epanechnikov
pamap2,Hand,100000,100000,r0.3,3.260017478454744,4,0.011692047119140625,0.28337883949279785,0.0,0.0,0.31776506946834066,0.46127081732201947,epanechnikov_optimized,epanechnikov
